account_id,balance_cents,state,chargeoff_date,last_payment_date,debt_type
ACCT00000000,4617,NY,2025-12-26,2024-11-26,fintech_personal_loan
ACCT00000001,5371,TX,2025-04-26,2025-01-26,fintech_personal_loan
ACCT00000002,6787,NY,2025-06-26,2025-01-26,bnpl
ACCT00000003,6960,TX,2026-01-26,2025-04-26,fintech_personal_loan
ACCT00000004,2234,IL,2025-08-26,2024-11-26,credit_card
ACCT00000005,3858,NY,2025-09-26,2025-06-26,fintech_personal_loan
ACCT00000006,4503,NY,2026-01-26,2025-08-26,fintech_personal_loan
ACCT00000007,4218,NY,2025-08-26,2024-11-26,credit_card
ACCT00000008,6056,TX,2025-08-26,2025-01-26,bnpl
ACCT00000009,5580,NY,2025-08-26,2025-04-26,bnpl
ACCT00000010,5323,TX,2025-03-26,2025-01-26,credit_card
ACCT00000011,3441,NY,2026-02-26,2025-05-26,fintech_personal_loan
ACCT00000012,5009,NY,2025-07-26,2024-12-26,fintech_personal_loan
ACCT00000013,3691,PA,2025-10-26,2024-09-26,bnpl
ACCT00000014,5569,NC,2025-02-26,2025-01-26,fintech_personal_loan
ACCT00000015,4232,NY,2026-01-26,2025-02-26,credit_card
ACCT00000016,4341,NY,2026-02-26,2025-02-26,bnpl
ACCT00000017,4396,VA,2025-04-26,2024-12-26,credit_card
ACCT00000018,5684,TX,2025-03-26,2024-12-26,credit_card
ACCT00000019,4233,NY,2025-08-26,2025-02-26,credit_card
ACCT00000020,6016,FL,2025-04-26,2025-02-26,credit_card
ACCT00000021,4689,TX,2025-06-26,2024-11-26,credit_card
ACCT00000022,6313,TX,2025-07-26,2025-02-26,credit_card
ACCT00000023,5128,TX,2025-05-26,2024-12-26,credit_card
ACCT00000024,4063,TX,2025-04-26,2025-03-26,bnpl
ACCT00000025,4421,NC,2025-10-26,2025-06-26,bnpl
ACCT00000026,4567,NY,2025-11-26,2025-02-26,bnpl
ACCT00000027,487760,NY,2026-01-26,2025-03-26,fintech_personal_loan
ACCT00000028,5329,NY,2025-12-26,2025-08-26,unknown
ACCT00000029,5603,TX,2025-02-26,2024-10-26,fintech_personal_loan
ACCT00000030,4492,NY,2025-06-26,2025-01-26,credit_card
ACCT00000031,5620,NY,2026-02-26,2025-01-26,fintech_personal_loan
ACCT00000032,4880,MI,2025-06-26,2025-03-26,bnpl
ACCT00000033,4837,NY,2025-09-26,2025-02-26,bnpl
ACCT00000034,6451,TX,2026-02-26,2025-03-26,fintech_personal_loan
ACCT00000035,4620,TX,2025-08-26,2025-03-26,credit_card
ACCT00000036,5356,NY,2025-06-26,2025-05-26,fintech_personal_loan
ACCT00000037,6245,PA,2025-06-26,2025-02-26,bnpl
ACCT00000038,4961,TX,2025-06-26,2025-01-26,fintech_personal_loan
ACCT00000039,6706,NY,2025-02-26,2024-12-26,credit_card
ACCT00000040,3592,TX,2025-02-26,2024-11-26,fintech_personal_loan
ACCT00000041,5806,TX,2026-01-26,2024-12-26,fintech_personal_loan
ACCT00000042,5688,IL,2025-05-26,2025-04-26,fintech_personal_loan
ACCT00000043,3772,WA,2025-04-26,2024-10-26,bnpl
ACCT00000044,4716,TX,2025-05-26,2025-04-26,credit_card
ACCT00000045,5097,NY,2025-03-26,2025-02-26,fintech_personal_loan
ACCT00000046,5941,NY,2026-01-26,2025-08-26,fintech_personal_loan
ACCT00000047,4544,NY,2025-07-26,2024-09-26,bnpl
ACCT00000048,6012,WA,2025-09-26,2025-02-26,credit_card
ACCT00000049,3562,NY,2025-06-26,2025-02-26,bnpl
ACCT00000050,4718,NY,2025-08-26,2025-02-26,fintech_personal_loan
ACCT00000051,5784,TX,2025-03-26,2025-01-26,fintech_personal_loan
ACCT00000052,5547,NY,2025-09-26,2024-11-26,credit_card
ACCT00000053,4584,NY,2025-05-26,2025-01-26,fintech_personal_loan
ACCT00000054,5299,NY,2025-04-26,2025-03-26,fintech_personal_loan
ACCT00000055,6111,NY,2025-07-26,2025-04-26,credit_card
ACCT00000056,5943,NY,2025-08-26,2025-05-26,fintech_personal_loan
ACCT00000057,5668,TX,2025-07-26,2024-12-26,fintech_personal_loan
ACCT00000058,5361,OH,2025-06-26,2024-08-26,fintech_personal_loan
ACCT00000059,5472,TX,2025-08-26,2024-08-26,fintech_personal_loan
ACCT00000060,5449,NY,2025-10-26,2024-08-26,fintech_personal_loan
ACCT00000061,5504,NY,2025-03-26,2024-12-26,fintech_personal_loan
ACCT00000062,4853,TX,2026-01-26,2024-08-26,credit_card
ACCT00000063,4693,NY,2025-06-26,2025-04-26,fintech_personal_loan
ACCT00000064,5645,NY,2025-06-26,2025-05-26,fintech_personal_loan
ACCT00000065,3814,NY,2025-03-26,2024-08-26,fintech_personal_loan
ACCT00000066,5990,NY,2026-01-26,2025-03-26,bnpl
ACCT00000067,4657,TX,2025-11-26,2025-07-26,bnpl
ACCT00000068,6318,NY,2025-07-26,2025-05-26,fintech_personal_loan
ACCT00000069,4730,NY,2025-06-26,2024-09-26,fintech_personal_loan
ACCT00000070,5369,NY,2025-12-26,2025-08-26,fintech_personal_loan
ACCT00000071,5281,TX,2025-08-26,2024-09-26,bnpl
ACCT00000072,4899,TX,2025-10-26,2024-11-26,bnpl
ACCT00000073,5991,TX,2025-05-26,2025-01-26,fintech_personal_loan
ACCT00000074,5197,PA,2025-02-26,2025-01-26,credit_card
ACCT00000075,5237,TX,2025-05-26,2025-04-26,fintech_personal_loan
ACCT00000076,3692,IL,2025-05-26,2025-04-26,fintech_personal_loan
ACCT00000077,5421,NY,2025-08-26,2025-05-26,fintech_personal_loan
ACCT00000078,4561,CA,2025-04-26,2025-02-26,credit_card
ACCT00000079,4917,NY,2025-09-26,2025-08-26,fintech_personal_loan
ACCT00000080,5232,TX,2025-02-26,2025-01-26,bnpl
ACCT00000081,5559,TX,2025-05-26,2025-04-26,credit_card
ACCT00000082,4763,NY,2025-05-26,2024-10-26,fintech_personal_loan
ACCT00000083,3287,NY,2025-03-26,2024-12-26,fintech_personal_loan
ACCT00000084,526751,NY,2025-04-26,2025-01-26,fintech_personal_loan
ACCT00000085,5872,NY,2025-11-26,2025-04-26,bnpl
ACCT00000086,6871,TX,2026-01-26,2025-06-26,fintech_personal_loan
ACCT00000087,4429,IL,2025-07-26,2024-09-26,fintech_personal_loan
ACCT00000088,3266,NY,2026-02-26,2024-09-26,fintech_personal_loan
ACCT00000089,6499,GA,2026-01-26,2025-04-26,fintech_personal_loan
ACCT00000090,5083,NY,2025-06-26,2025-01-26,fintech_personal_loan
ACCT00000091,6585,NY,2025-08-26,2024-11-26,fintech_personal_loan
ACCT00000092,3189,NY,2026-01-26,2025-02-26,credit_card
ACCT00000093,5819,NY,2025-10-26,2025-08-26,credit_card
ACCT00000094,5436,NY,2025-02-26,2024-11-26,fintech_personal_loan
ACCT00000095,4854,NY,2025-12-26,2025-06-26,bnpl
ACCT00000096,4299,OH,2025-12-26,2025-04-26,fintech_personal_loan
ACCT00000097,6318,OH,2025-10-26,2025-07-26,fintech_personal_loan
ACCT00000098,3743,TX,2025-04-26,2024-09-26,fintech_personal_loan
ACCT00000099,528298,TX,2025-05-26,2024-12-26,fintech_personal_loan
ACCT00000100,4872,TX,2025-02-26,2024-11-26,fintech_personal_loan
ACCT00000101,7416,TX,2026-02-26,2025-02-26,credit_card
ACCT00000102,4097,TX,2025-10-26,2025-08-26,credit_card
ACCT00000103,6026,NY,2025-07-26,2024-09-26,fintech_personal_loan
ACCT00000104,5722,NY,2026-02-26,2025-06-26,fintech_personal_loan
ACCT00000105,4707,NY,2025-12-26,2025-04-26,fintech_personal_loan
ACCT00000106,4818,IL,2025-03-26,2024-12-26,fintech_personal_loan
ACCT00000107,3819,NY,2025-07-26,2025-06-26,fintech_personal_loan
ACCT00000108,4826,NY,2025-05-26,2024-09-26,credit_card
ACCT00000109,519014,NY,2025-03-26,2025-02-26,credit_card
ACCT00000110,5287,NY,2025-10-26,2025-03-26,fintech_personal_loan
ACCT00000111,5139,NY,2026-02-26,2025-08-26,fintech_personal_loan
ACCT00000112,5516,TX,2025-11-26,2025-02-26,fintech_personal_loan
ACCT00000113,4903,NY,2025-09-26,2025-03-26,bnpl
ACCT00000114,5735,NY,2025-02-26,2025-01-26,unknown
ACCT00000115,4879,NY,2025-05-26,2025-03-26,fintech_personal_loan
ACCT00000116,4026,NY,2026-01-26,2024-10-26,fintech_personal_loan
ACCT00000117,5726,NY,2025-10-26,2025-01-26,credit_card
ACCT00000118,5779,IL,2025-07-26,2025-01-26,fintech_personal_loan
ACCT00000119,4730,NY,2025-04-26,2024-09-26,fintech_personal_loan
ACCT00000120,4011,NY,2025-03-26,2025-01-26,fintech_personal_loan
ACCT00000121,4830,NY,2026-01-26,2025-05-26,fintech_personal_loan
ACCT00000122,4895,NY,2025-05-26,2024-08-26,credit_card
ACCT00000123,4701,GA,2026-02-26,2024-09-26,fintech_personal_loan
ACCT00000124,3773,FL,2025-11-26,2024-11-26,fintech_personal_loan
ACCT00000125,4489,NY,2025-08-26,2025-04-26,bnpl
ACCT00000126,4617,NY,2026-01-26,2025-08-26,credit_card
ACCT00000127,3921,NY,2025-02-26,2024-12-26,fintech_personal_loan
ACCT00000128,5716,NY,2025-02-26,2025-01-26,credit_card
ACCT00000129,5674,NY,2025-08-26,2025-01-26,fintech_personal_loan
ACCT00000130,4432,TX,2025-06-26,2025-04-26,bnpl
ACCT00000131,5480,NY,2025-07-26,2024-08-26,credit_card
ACCT00000132,5253,NY,2025-08-26,2025-01-26,credit_card
ACCT00000133,6871,NY,2026-02-26,2025-04-26,fintech_personal_loan
ACCT00000134,5020,TX,2025-04-26,2024-12-26,bnpl
ACCT00000135,459629,NY,2025-04-26,2025-03-26,bnpl
ACCT00000136,5950,TX,2025-06-26,2024-08-26,credit_card
ACCT00000137,5218,TX,2025-08-26,2024-08-26,fintech_personal_loan
ACCT00000138,3723,OH,2025-12-26,2025-07-26,bnpl
ACCT00000139,4214,PA,2026-01-26,2024-11-26,fintech_personal_loan
ACCT00000140,5041,TX,2026-02-26,2025-07-26,bnpl
ACCT00000141,3481,TX,2025-08-26,2025-07-26,fintech_personal_loan
ACCT00000142,5179,TX,2026-01-26,2024-12-26,bnpl
ACCT00000143,3984,CA,2025-09-26,2025-01-26,bnpl
ACCT00000144,3666,NY,2025-09-26,2024-08-26,bnpl
ACCT00000145,4127,NY,2025-09-26,2025-06-26,bnpl
ACCT00000146,5973,TX,2025-03-26,2024-12-26,fintech_personal_loan
ACCT00000147,5191,NY,2025-04-26,2025-03-26,fintech_personal_loan
ACCT00000148,5791,TX,2025-02-26,2025-01-26,credit_card
ACCT00000149,5634,OH,2025-10-26,2024-09-26,fintech_personal_loan
ACCT00000150,5814,NY,2026-02-26,2024-12-26,bnpl
ACCT00000151,5696,TX,2025-10-26,2025-07-26,fintech_personal_loan
ACCT00000152,5340,IL,2026-02-26,2024-09-26,credit_card
ACCT00000153,6715,NY,2025-03-26,2024-10-26,bnpl
ACCT00000154,4432,NY,2025-11-26,,fintech_personal_loan
ACCT00000155,5640,NY,2025-07-26,2025-06-26,credit_card
ACCT00000156,454674,TX,2025-05-26,2024-09-26,fintech_personal_loan
ACCT00000157,6415,NY,2025-02-26,2024-09-26,bnpl
ACCT00000158,2763,TX,2025-09-26,2025-02-26,bnpl
ACCT00000159,5143,TX,2025-05-26,2025-04-26,bnpl
ACCT00000160,7308,NY,2025-04-26,2025-02-26,credit_card
ACCT00000161,4876,TX,2025-07-26,2025-04-26,bnpl
ACCT00000162,3567,TX,2025-10-26,2025-03-26,credit_card
ACCT00000163,5723,TX,2025-08-26,2024-10-26,bnpl
ACCT00000164,3418,TX,2025-09-26,,fintech_personal_loan
ACCT00000165,5035,TX,2025-04-26,2025-02-26,fintech_personal_loan
ACCT00000166,5414,TX,2025-03-26,2025-02-26,credit_card
ACCT00000167,5094,NY,2026-02-26,2024-12-26,bnpl
ACCT00000168,4527,TX,2026-02-26,2025-06-26,bnpl
ACCT00000169,5833,NY,2026-02-26,2025-07-26,bnpl
ACCT00000170,6516,NY,2026-01-26,2025-01-26,bnpl
ACCT00000171,5947,NY,2025-02-26,2024-12-26,credit_card
ACCT00000172,5910,NY,2025-11-26,2025-05-26,fintech_personal_loan
ACCT00000173,4811,TX,2025-09-26,2024-10-26,fintech_personal_loan
ACCT00000174,4079,NY,2025-11-26,2025-07-26,bnpl
ACCT00000175,6011,OH,2025-11-26,2024-09-26,fintech_personal_loan
ACCT00000176,5204,NY,2025-11-26,2024-10-26,credit_card
ACCT00000177,4821,NY,2025-11-26,2024-11-26,fintech_personal_loan
ACCT00000178,6045,NY,2025-02-26,2025-01-26,credit_card
ACCT00000179,6320,NC,2025-05-26,2025-02-26,fintech_personal_loan
ACCT00000180,4892,TX,2026-01-26,2025-07-26,bnpl
ACCT00000181,5439,TX,2025-07-26,2025-04-26,credit_card
ACCT00000182,4986,TX,2025-03-26,2025-01-26,credit_card
ACCT00000183,4492,TX,2025-07-26,2025-04-26,bnpl
ACCT00000184,3158,TX,2025-10-26,2025-07-26,fintech_personal_loan
ACCT00000185,5758,NY,2025-02-26,2024-11-26,bnpl
ACCT00000186,4131,TX,2026-02-26,2025-07-26,fintech_personal_loan
ACCT00000187,4314,NY,2025-02-26,2024-11-26,credit_card
ACCT00000188,4945,OH,2025-03-26,2025-01-26,credit_card
ACCT00000189,4602,TX,2025-10-26,2024-12-26,bnpl
ACCT00000190,4644,NY,2026-01-26,2025-02-26,credit_card
ACCT00000191,3584,TX,2025-03-26,2024-08-26,fintech_personal_loan
ACCT00000192,4682,TX,2025-12-26,2025-07-26,fintech_personal_loan
ACCT00000193,5735,TX,2025-09-26,2025-04-26,fintech_personal_loan
ACCT00000194,3920,NY,2025-11-26,2024-10-26,bnpl
ACCT00000195,4180,NY,2025-10-26,2025-03-26,fintech_personal_loan
ACCT00000196,5123,IL,2025-08-26,2025-07-26,bnpl
ACCT00000197,4927,NY,2025-10-26,2025-03-26,credit_card
ACCT00000198,3516,TX,2025-07-26,2025-03-26,credit_card
ACCT00000199,5005,TX,2025-05-26,2025-02-26,fintech_personal_loan
ACCT00000200,4789,NY,2025-06-26,2024-11-26,credit_card
ACCT00000201,7449,TX,2026-01-26,2025-04-26,bnpl
ACCT00000202,4381,NY,2025-10-26,2024-08-26,credit_card
ACCT00000203,6457,NY,2025-10-26,2024-08-26,bnpl
ACCT00000204,4626,NY,2025-08-26,2025-05-26,fintech_personal_loan
ACCT00000205,6911,TX,2025-04-26,2025-02-26,fintech_personal_loan
ACCT00000206,5240,TX,2026-02-26,2025-01-26,unknown
ACCT00000207,4640,TX,2025-06-26,2025-05-26,fintech_personal_loan
ACCT00000208,5068,NY,2025-05-26,2025-01-26,fintech_personal_loan
ACCT00000209,4270,NY,2026-01-26,2025-06-26,fintech_personal_loan
ACCT00000210,4258,NC,2025-10-26,2025-03-26,credit_card
ACCT00000211,4732,NY,2026-01-26,2024-09-26,bnpl
ACCT00000212,5367,IL,2026-02-26,2024-09-26,fintech_personal_loan
ACCT00000213,4592,NY,2025-09-26,2024-10-26,fintech_personal_loan
ACCT00000214,5294,NY,2025-07-26,2025-02-26,fintech_personal_loan
ACCT00000215,3762,TX,2025-08-26,2024-10-26,fintech_personal_loan
ACCT00000216,6007,NY,2025-02-26,2025-01-26,credit_card
ACCT00000217,6327,NY,2025-07-26,2025-06-26,credit_card
ACCT00000218,2556,NY,2025-12-26,2024-10-26,credit_card
ACCT00000219,4985,NY,2025-12-26,2025-06-26,fintech_personal_loan
ACCT00000220,5288,NY,2025-10-26,2024-12-26,credit_card
ACCT00000221,6693,WA,2025-12-26,2025-06-26,fintech_personal_loan
ACCT00000222,5294,NY,2025-11-26,2024-08-26,fintech_personal_loan
ACCT00000223,5481,WA,2025-04-26,2024-10-26,fintech_personal_loan
ACCT00000224,5262,NY,2025-02-26,2024-12-26,credit_card
ACCT00000225,4302,WA,2026-01-26,2025-03-26,fintech_personal_loan
ACCT00000226,4318,NY,2025-04-26,,bnpl
ACCT00000227,4067,TX,2025-12-26,2024-10-26,credit_card
ACCT00000228,3930,IL,2025-08-26,2024-08-26,fintech_personal_loan
ACCT00000229,3670,TX,2025-02-26,2024-12-26,fintech_personal_loan
ACCT00000230,4347,WA,2025-06-26,2025-05-26,credit_card
ACCT00000231,6046,NY,2025-09-26,2024-08-26,bnpl
ACCT00000232,6222,NY,2025-12-26,2025-02-26,bnpl
ACCT00000233,4702,TX,2025-11-26,2024-12-26,fintech_personal_loan
ACCT00000234,4419,NY,2025-02-26,2025-01-26,credit_card
ACCT00000235,5344,NY,2025-07-26,2024-11-26,credit_card
ACCT00000236,5805,TX,2025-04-26,2024-12-26,credit_card
ACCT00000237,6638,FL,2025-08-26,2024-11-26,fintech_personal_loan
ACCT00000238,4688,OH,2026-01-26,2025-03-26,fintech_personal_loan
ACCT00000239,6568,TX,2026-01-26,2025-03-26,fintech_personal_loan
ACCT00000240,5858,TX,2025-05-26,2024-11-26,fintech_personal_loan
ACCT00000241,4694,VA,2025-02-26,2025-01-26,fintech_personal_loan
ACCT00000242,4337,NY,2025-09-26,2025-07-26,credit_card
ACCT00000243,6788,TX,2025-04-26,2025-02-26,fintech_personal_loan
ACCT00000244,4085,TX,2025-06-26,2025-03-26,fintech_personal_loan
ACCT00000245,5191,TX,2025-08-26,2025-03-26,fintech_personal_loan
ACCT00000246,4135,TX,2025-02-26,2024-11-26,fintech_personal_loan
ACCT00000247,482595,NY,2025-03-26,2024-09-26,credit_card
ACCT00000248,4866,NY,2025-11-26,2025-01-26,fintech_personal_loan
ACCT00000249,3880,NY,2026-01-26,2024-12-26,bnpl
ACCT00000250,4411,TX,2025-02-26,2024-10-26,fintech_personal_loan
ACCT00000251,5434,TX,2025-02-26,2024-10-26,fintech_personal_loan
ACCT00000252,5946,TX,2025-04-26,2024-09-26,fintech_personal_loan
ACCT00000253,4227,TX,2025-06-26,2024-10-26,bnpl
ACCT00000254,5602,TX,2026-01-26,2024-10-26,fintech_personal_loan
ACCT00000255,5272,NY,2025-02-26,2025-01-26,bnpl
ACCT00000256,3755,NY,2025-06-26,2025-01-26,credit_card
ACCT00000257,7310,NC,2026-01-26,2025-01-26,credit_card
ACCT00000258,4896,TX,2025-06-26,2024-12-26,bnpl
ACCT00000259,4664,NY,2025-05-26,2024-10-26,fintech_personal_loan
ACCT00000260,5265,TX,2025-10-26,2025-01-26,fintech_personal_loan
ACCT00000261,5687,NY,2025-09-26,2024-08-26,bnpl
ACCT00000262,5564,TX,2025-05-26,,bnpl
ACCT00000263,5987,TX,2026-01-26,2025-08-26,credit_card
ACCT00000264,6456,GA,2026-02-26,2024-11-26,fintech_personal_loan
ACCT00000265,4855,NY,2025-05-26,2025-04-26,credit_card
ACCT00000266,4503,NY,2025-07-26,2025-06-26,fintech_personal_loan
ACCT00000267,3415,NY,2025-12-26,2025-03-26,credit_card
ACCT00000268,3777,VA,2025-06-26,2025-03-26,fintech_personal_loan
ACCT00000269,5337,NY,2026-01-26,2025-04-26,fintech_personal_loan
ACCT00000270,6250,NY,2026-01-26,2024-12-26,credit_card
ACCT00000271,5335,NY,2026-02-26,2025-06-26,bnpl
ACCT00000272,5666,TX,2025-10-26,2024-09-26,credit_card
ACCT00000273,5512,NY,2025-03-26,2024-10-26,bnpl
ACCT00000274,4971,NY,2025-06-26,2024-12-26,bnpl
ACCT00000275,4341,WA,2026-02-26,2025-01-26,fintech_personal_loan
ACCT00000276,5750,TX,2025-03-26,2024-12-26,credit_card
ACCT00000277,4429,NY,2025-10-26,2024-10-26,fintech_personal_loan
ACCT00000278,4998,TX,2025-05-26,2024-12-26,bnpl
ACCT00000279,5438,TX,2025-09-26,2025-01-26,credit_card
ACCT00000280,4536,VA,2025-04-26,2025-01-26,bnpl
ACCT00000281,5281,IL,2025-07-26,2024-12-26,credit_card
ACCT00000282,5642,NY,2025-12-26,2025-03-26,fintech_personal_loan
ACCT00000283,5439,VA,2025-02-26,2024-12-26,fintech_personal_loan
ACCT00000284,4635,NY,2026-01-26,2024-12-26,bnpl
ACCT00000285,3465,VA,2026-02-26,2025-07-26,fintech_personal_loan
ACCT00000286,4087,TX,2026-02-26,2025-06-26,fintech_personal_loan
ACCT00000287,4616,VA,2025-11-26,2025-07-26,fintech_personal_loan
ACCT00000288,5939,TX,2025-02-26,2025-01-26,credit_card
ACCT00000289,6679,TX,2025-10-26,2024-09-26,fintech_personal_loan
ACCT00000290,3490,NY,2025-08-26,2025-01-26,fintech_personal_loan
ACCT00000291,4843,TX,2026-02-26,2025-05-26,credit_card
ACCT00000292,573246,TX,2025-05-26,2024-12-26,fintech_personal_loan
ACCT00000293,3582,NY,2025-05-26,,fintech_personal_loan
ACCT00000294,3458,TX,2025-03-26,2024-09-26,credit_card
ACCT00000295,3888,FL,2025-03-26,2024-11-26,credit_card
ACCT00000296,7220,MI,2025-06-26,2024-08-26,fintech_personal_loan
ACCT00000297,3473,TX,2025-03-26,2024-12-26,fintech_personal_loan
ACCT00000298,6357,NY,2025-09-26,2025-05-26,bnpl
ACCT00000299,6556,TX,2025-02-26,2024-12-26,credit_card
ACCT00000300,4660,TX,2025-10-26,2025-02-26,fintech_personal_loan
ACCT00000301,4503,NY,2025-10-26,2025-05-26,fintech_personal_loan
ACCT00000302,5400,NY,2025-11-26,2025-01-26,fintech_personal_loan
ACCT00000303,6509,TX,2025-10-26,2024-10-26,fintech_personal_loan
ACCT00000304,4467,WA,2026-02-26,2024-08-26,fintech_personal_loan
ACCT00000305,4282,NY,2025-08-26,2025-06-26,bnpl
ACCT00000306,4440,NY,2025-08-26,2024-10-26,fintech_personal_loan
ACCT00000307,5426,TX,2025-04-26,2025-03-26,fintech_personal_loan
ACCT00000308,3457,NY,2025-06-26,2025-02-26,credit_card
ACCT00000309,5605,PA,2025-03-26,2024-12-26,credit_card
ACCT00000310,4898,NY,2026-02-26,2024-10-26,credit_card
ACCT00000311,4133,NY,2025-09-26,2025-01-26,bnpl
ACCT00000312,3824,NY,2025-08-26,2025-06-26,credit_card
ACCT00000313,6974,FL,2025-06-26,2025-01-26,fintech_personal_loan
ACCT00000314,5252,NY,2026-02-26,2025-08-26,fintech_personal_loan
ACCT00000315,4792,TX,2025-12-26,2025-01-26,fintech_personal_loan
ACCT00000316,4608,NY,2025-05-26,2024-09-26,fintech_personal_loan
ACCT00000317,6419,TX,2026-01-26,2025-01-26,bnpl
ACCT00000318,4422,NY,2025-06-26,2025-01-26,bnpl
ACCT00000319,5311,NY,2025-05-26,2024-08-26,credit_card
ACCT00000320,4390,NY,2025-06-26,2025-05-26,fintech_personal_loan
ACCT00000321,4059,TX,2025-03-26,2024-12-26,credit_card
ACCT00000322,5442,TX,2025-04-26,2025-01-26,credit_card
ACCT00000323,4023,NY,2025-02-26,2024-11-26,fintech_personal_loan
ACCT00000324,4292,NY,2025-05-26,2024-12-26,credit_card
ACCT00000325,4684,NY,2025-02-26,2025-01-26,credit_card
ACCT00000326,4909,NY,2025-11-26,2025-01-26,credit_card
ACCT00000327,5058,TX,2025-02-26,2024-11-26,fintech_personal_loan
ACCT00000328,5846,TX,2025-06-26,2024-11-26,bnpl
ACCT00000329,6022,TX,2025-10-26,2024-11-26,fintech_personal_loan
ACCT00000330,4967,NY,2025-08-26,2024-09-26,credit_card
ACCT00000331,5388,TX,2025-06-26,2025-01-26,fintech_personal_loan
ACCT00000332,5494,OH,2025-03-26,2024-12-26,fintech_personal_loan
ACCT00000333,3143,TX,2025-04-26,,credit_card
ACCT00000334,5428,NY,2025-05-26,2025-04-26,fintech_personal_loan
ACCT00000335,4482,NY,2025-05-26,2025-04-26,fintech_personal_loan
ACCT00000336,5409,TX,2025-10-26,2024-08-26,credit_card
ACCT00000337,7242,NY,2025-11-26,2025-01-26,fintech_personal_loan
ACCT00000338,5786,TX,2025-04-26,2025-02-26,credit_card
ACCT00000339,3612,TX,2025-08-26,2025-07-26,bnpl
ACCT00000340,3989,NY,2026-02-26,2025-04-26,credit_card
ACCT00000341,3812,PA,2025-03-26,2024-12-26,bnpl
ACCT00000342,4543,NY,2025-07-26,2025-05-26,fintech_personal_loan
ACCT00000343,6437,TX,2025-03-26,2024-12-26,bnpl
ACCT00000344,4203,NY,2025-03-26,2024-12-26,credit_card
ACCT00000345,5937,NY,2025-06-26,2025-03-26,fintech_personal_loan
ACCT00000346,3731,NY,2025-11-26,2025-02-26,fintech_personal_loan
ACCT00000347,4570,WA,2025-08-26,2025-03-26,credit_card
ACCT00000348,4794,NY,2025-05-26,2024-09-26,fintech_personal_loan
ACCT00000349,5132,TX,2025-04-26,2024-10-26,fintech_personal_loan
ACCT00000350,4659,NY,2025-04-26,2025-03-26,credit_card
ACCT00000351,6666,VA,2025-06-26,2025-02-26,fintech_personal_loan
ACCT00000352,4607,TX,2025-07-26,2025-02-26,credit_card
ACCT00000353,4553,GA,2025-07-26,2025-06-26,credit_card
ACCT00000354,5953,NY,2025-08-26,2025-01-26,credit_card
ACCT00000355,4722,NY,2026-02-26,2025-05-26,credit_card
ACCT00000356,4702,NY,2025-06-26,2025-05-26,bnpl
ACCT00000357,3794,NY,2025-08-26,2024-09-26,credit_card
ACCT00000358,6574,TX,2025-02-26,2025-01-26,fintech_personal_loan
ACCT00000359,7518,TX,2025-04-26,2025-01-26,fintech_personal_loan
ACCT00000360,6306,IL,2025-10-26,2025-06-26,fintech_personal_loan
ACCT00000361,5866,TX,2025-10-26,2025-07-26,fintech_personal_loan
ACCT00000362,6797,NY,2025-12-26,2024-08-26,credit_card
ACCT00000363,5437,NY,2025-09-26,2025-08-26,fintech_personal_loan
ACCT00000364,4852,NY,2025-09-26,2025-05-26,fintech_personal_loan
ACCT00000365,5788,NY,2026-02-26,2024-12-26,fintech_personal_loan
ACCT00000366,5400,NY,2025-12-26,2025-02-26,bnpl
ACCT00000367,5419,NY,2025-11-26,2025-07-26,credit_card
ACCT00000368,5521,IL,2025-03-26,2024-08-26,bnpl
ACCT00000369,3149,VA,2025-04-26,2025-03-26,fintech_personal_loan
ACCT00000370,493681,TX,2025-12-26,2024-09-26,credit_card
ACCT00000371,4221,TX,2025-12-26,2024-10-26,fintech_personal_loan
ACCT00000372,6452,TX,2025-02-26,2025-01-26,credit_card
ACCT00000373,4449,IL,2025-03-26,2025-01-26,fintech_personal_loan
ACCT00000374,4927,NY,2025-08-26,2025-02-26,fintech_personal_loan
ACCT00000375,5820,OH,2025-10-26,2025-08-26,fintech_personal_loan
ACCT00000376,4499,PA,2025-12-26,2025-06-26,fintech_personal_loan
ACCT00000377,4274,NY,2026-01-26,2024-10-26,bnpl
ACCT00000378,3354,TX,2025-02-26,2025-01-26,credit_card
ACCT00000379,5278,TX,2025-02-26,2025-01-26,fintech_personal_loan
ACCT00000380,3410,NY,2025-05-26,2025-02-26,fintech_personal_loan
ACCT00000381,7428,VA,2025-10-26,2024-11-26,credit_card
ACCT00000382,5183,TX,2025-11-26,2025-05-26,fintech_personal_loan
ACCT00000383,4471,TX,2025-02-26,2024-12-26,fintech_personal_loan
ACCT00000384,5700,NC,2025-09-26,2025-06-26,fintech_personal_loan
ACCT00000385,5191,NY,2025-10-26,2025-03-26,bnpl
ACCT00000386,5977,NY,2026-01-26,2024-09-26,fintech_personal_loan
ACCT00000387,6390,NY,2025-04-26,2025-02-26,credit_card
ACCT00000388,5259,MI,2026-02-26,2025-06-26,fintech_personal_loan
ACCT00000389,4449,NY,2025-12-26,2025-07-26,fintech_personal_loan
ACCT00000390,4720,NY,2025-05-26,2025-04-26,fintech_personal_loan
ACCT00000391,3637,NY,2025-05-26,2025-02-26,credit_card
ACCT00000392,5400,NY,2025-04-26,2024-11-26,credit_card
ACCT00000393,6237,WA,2025-04-26,2025-01-26,credit_card
ACCT00000394,5230,NY,2025-09-26,2025-06-26,bnpl
ACCT00000395,5234,NY,2025-09-26,2024-12-26,fintech_personal_loan
ACCT00000396,4092,NY,2025-04-26,2025-01-26,fintech_personal_loan
ACCT00000397,5486,WA,2025-02-26,2024-11-26,credit_card
ACCT00000398,5609,TX,2025-02-26,2024-12-26,credit_card
ACCT00000399,4905,TX,2025-06-26,2025-04-26,credit_card
ACCT00000400,4295,TX,2025-11-26,2025-01-26,fintech_personal_loan
ACCT00000401,4291,CA,2026-01-26,2025-03-26,bnpl
ACCT00000402,4108,MI,2026-02-26,2024-08-26,credit_card
ACCT00000403,5491,TX,2026-01-26,2024-08-26,credit_card
ACCT00000404,4293,NY,2025-11-26,2025-03-26,fintech_personal_loan
ACCT00000405,4539,MI,2025-10-26,2024-09-26,bnpl
ACCT00000406,4254,NY,2025-02-26,2024-08-26,credit_card
ACCT00000407,4633,NY,2025-03-26,2024-11-26,credit_card
ACCT00000408,5687,NY,2025-07-26,2025-04-26,fintech_personal_loan
ACCT00000409,6296,GA,2025-03-26,2024-09-26,fintech_personal_loan
ACCT00000410,4122,TX,2025-04-26,2024-09-26,bnpl
ACCT00000411,4340,NY,2025-10-26,2024-12-26,credit_card
ACCT00000412,4966,NY,2025-05-26,2025-02-26,credit_card
ACCT00000413,3053,NY,2025-02-26,2024-12-26,bnpl
ACCT00000414,5042,TX,2025-07-26,2025-01-26,fintech_personal_loan
ACCT00000415,5600,TX,2025-05-26,2024-08-26,bnpl
ACCT00000416,3873,PA,2026-02-26,2025-02-26,fintech_personal_loan
ACCT00000417,4840,TX,2025-11-26,2024-11-26,fintech_personal_loan
ACCT00000418,4361,OH,2026-02-26,2025-03-26,credit_card
ACCT00000419,6956,TX,2025-03-26,2024-08-26,credit_card
ACCT00000420,5151,VA,2025-08-26,2025-03-26,bnpl
ACCT00000421,4211,TX,2025-04-26,2024-11-26,credit_card
ACCT00000422,6141,NY,2025-04-26,2024-10-26,fintech_personal_loan
ACCT00000423,492821,TX,2025-12-26,2024-09-26,credit_card
ACCT00000424,5720,NY,2025-08-26,2024-10-26,fintech_personal_loan
ACCT00000425,5479,PA,2025-05-26,2024-08-26,fintech_personal_loan
ACCT00000426,4867,NY,2025-04-26,2025-03-26,bnpl
ACCT00000427,3888,PA,2025-08-26,2025-02-26,unknown
ACCT00000428,4741,NY,2025-12-26,2024-08-26,bnpl
ACCT00000429,4538,NY,2025-06-26,2025-04-26,bnpl
ACCT00000430,4620,IL,2025-04-26,2025-01-26,fintech_personal_loan
ACCT00000431,5080,TX,2025-08-26,2025-05-26,fintech_personal_loan
ACCT00000432,5888,TX,2025-08-26,2025-02-26,bnpl
ACCT00000433,5917,FL,2025-06-26,2024-10-26,bnpl
ACCT00000434,5248,MI,2025-10-26,2025-04-26,fintech_personal_loan
ACCT00000435,4734,TX,2025-09-26,2025-07-26,fintech_personal_loan
ACCT00000436,4355,TX,2025-07-26,2024-12-26,credit_card
ACCT00000437,5073,TX,2025-03-26,2024-12-26,fintech_personal_loan
ACCT00000438,4614,TX,2025-02-26,2025-01-26,credit_card
ACCT00000439,5490,NY,2026-02-26,2025-02-26,credit_card
ACCT00000440,583119,NY,2025-10-26,2025-05-26,bnpl
ACCT00000441,4798,GA,2026-01-26,2025-05-26,credit_card
ACCT00000442,5035,NY,2025-07-26,2025-03-26,fintech_personal_loan
ACCT00000443,478709,TX,2026-01-26,2024-10-26,bnpl
ACCT00000444,4690,NY,2025-08-26,,credit_card
ACCT00000445,3134,TX,2025-11-26,2025-02-26,bnpl
ACCT00000446,5773,NY,2025-06-26,2024-12-26,credit_card
ACCT00000447,5009,TX,2025-09-26,2025-06-26,credit_card
ACCT00000448,3886,TX,2025-08-26,2025-04-26,fintech_personal_loan
ACCT00000449,4543,TX,2025-11-26,2025-03-26,bnpl
ACCT00000450,5231,NY,2025-02-26,2024-11-26,credit_card
ACCT00000451,4738,TX,2025-03-26,2025-02-26,fintech_personal_loan
ACCT00000452,3613,TX,2025-12-26,2025-08-26,fintech_personal_loan
ACCT00000453,5915,NY,2026-01-26,2024-09-26,bnpl
ACCT00000454,4029,NY,2025-05-26,2025-04-26,fintech_personal_loan
ACCT00000455,452969,OH,2025-02-26,2024-11-26,bnpl
ACCT00000456,4348,NC,2025-03-26,2024-12-26,bnpl
ACCT00000457,5108,IL,2025-07-26,2025-05-26,bnpl
ACCT00000458,3807,NY,2026-02-26,2025-08-26,bnpl
ACCT00000459,4885,NY,2025-03-26,2024-09-26,fintech_personal_loan
ACCT00000460,5041,FL,2025-12-26,2025-07-26,bnpl
ACCT00000461,5483,NY,2025-09-26,2025-08-26,fintech_personal_loan
ACCT00000462,5841,NY,2025-12-26,2025-01-26,fintech_personal_loan
ACCT00000463,4578,NY,2025-10-26,2025-02-26,credit_card
ACCT00000464,4295,NY,2025-12-26,2025-02-26,credit_card
ACCT00000465,6397,OH,2026-01-26,2024-11-26,fintech_personal_loan
ACCT00000466,4354,NY,2025-03-26,2025-01-26,fintech_personal_loan
ACCT00000467,4054,TX,2025-02-26,2024-12-26,bnpl
ACCT00000468,4493,NY,2025-02-26,2024-12-26,fintech_personal_loan
ACCT00000469,6548,NY,2025-04-26,2025-03-26,fintech_personal_loan
ACCT00000470,4692,NY,2026-02-26,2024-12-26,credit_card
ACCT00000471,6064,NY,2026-02-26,2025-08-26,fintech_personal_loan
ACCT00000472,4005,NY,2025-06-26,2025-04-26,credit_card
ACCT00000473,7015,TX,2025-02-26,2024-12-26,bnpl
ACCT00000474,4400,TX,2025-10-26,2024-09-26,bnpl
ACCT00000475,5092,GA,2025-06-26,2025-04-26,credit_card
ACCT00000476,6026,NY,2025-12-26,2024-09-26,credit_card
ACCT00000477,5093,NY,2025-09-26,2024-10-26,credit_card
ACCT00000478,498228,NY,2025-09-26,2025-07-26,fintech_personal_loan
ACCT00000479,5180,NY,2025-07-26,2025-01-26,credit_card
ACCT00000480,4264,TX,2025-02-26,2024-12-26,fintech_personal_loan
ACCT00000481,6910,NY,2025-04-26,2025-01-26,credit_card
ACCT00000482,6473,WA,2025-09-26,2025-02-26,credit_card
ACCT00000483,6697,TX,2025-07-26,2024-10-26,bnpl
ACCT00000484,5417,NY,2025-07-26,2024-11-26,bnpl
ACCT00000485,4929,NY,2026-01-26,2025-06-26,bnpl
ACCT00000486,5098,TX,2025-07-26,2024-09-26,credit_card
ACCT00000487,4083,MI,2025-11-26,2025-08-26,bnpl
ACCT00000488,5440,TX,2025-04-26,2024-10-26,bnpl
ACCT00000489,3012,TX,2025-10-26,2025-08-26,unknown
ACCT00000490,5258,WA,2025-10-26,2024-09-26,credit_card
ACCT00000491,5126,TX,2025-02-26,2025-01-26,fintech_personal_loan
ACCT00000492,4488,NY,2025-10-26,2024-08-26,credit_card
ACCT00000493,4942,NY,2025-09-26,2025-03-26,fintech_personal_loan
ACCT00000494,5411,NY,2025-03-26,2024-11-26,fintech_personal_loan
ACCT00000495,5175,NY,2026-01-26,2025-08-26,credit_card
ACCT00000496,3884,TX,2025-09-26,2025-08-26,fintech_personal_loan
ACCT00000497,3996,NY,2026-02-26,2024-12-26,credit_card
ACCT00000498,6384,PA,2025-06-26,2025-01-26,bnpl
ACCT00000499,5427,TX,2025-10-26,2025-01-26,bnpl
ACCT00000500,4476,NY,2025-05-26,2024-08-26,fintech_personal_loan
ACCT00000501,4874,TX,2025-06-26,2025-04-26,fintech_personal_loan
ACCT00000502,4220,NY,2025-04-26,2024-12-26,fintech_personal_loan
ACCT00000503,4797,TX,2025-03-26,2024-12-26,fintech_personal_loan
ACCT00000504,5458,NY,2025-04-26,2024-09-26,credit_card
ACCT00000505,5701,TX,2026-02-26,2025-08-26,credit_card
ACCT00000506,4723,TX,2025-12-26,2024-12-26,fintech_personal_loan
ACCT00000507,5411,TX,2025-05-26,2025-02-26,credit_card
ACCT00000508,5382,NY,2025-09-26,2024-08-26,fintech_personal_loan
ACCT00000509,4971,WA,2025-07-26,2024-08-26,bnpl
ACCT00000510,5960,NY,2025-04-26,2024-08-26,credit_card
ACCT00000511,6788,NY,2025-09-26,2024-10-26,bnpl
ACCT00000512,4644,NY,2025-06-26,2025-04-26,credit_card
ACCT00000513,5052,TX,2025-11-26,2025-08-26,credit_card
ACCT00000514,6570,NY,2025-09-26,2025-08-26,credit_card
ACCT00000515,5342,NY,,2025-02-26,fintech_personal_loan
ACCT00000516,5394,TX,2025-02-26,2024-09-26,fintech_personal_loan
ACCT00000517,5008,TX,2025-06-26,2024-09-26,bnpl
ACCT00000518,5162,CA,2025-10-26,2025-01-26,fintech_personal_loan
ACCT00000519,4817,TX,2025-05-26,2025-03-26,unknown
ACCT00000520,3839,NY,2025-10-26,2025-07-26,fintech_personal_loan
ACCT00000521,6050,TX,2025-12-26,2025-05-26,credit_card
ACCT00000522,6669,NY,2026-02-26,,credit_card
ACCT00000523,3926,NY,2025-06-26,2024-09-26,fintech_personal_loan
ACCT00000524,5348,NY,2025-04-26,2025-01-26,bnpl
ACCT00000525,7277,NY,2025-04-26,2025-03-26,unknown
ACCT00000526,5819,WA,2025-02-26,2024-11-26,fintech_personal_loan
ACCT00000527,5039,TX,2026-02-26,2024-12-26,fintech_personal_loan
ACCT00000528,546938,NY,2026-02-26,2024-11-26,bnpl
ACCT00000529,5632,TX,2025-12-26,2025-06-26,bnpl
ACCT00000530,5342,TX,2025-12-26,2025-04-26,fintech_personal_loan
ACCT00000531,4869,MI,2026-01-26,2025-04-26,fintech_personal_loan
ACCT00000532,4560,NC,2025-12-26,2025-02-26,fintech_personal_loan
ACCT00000533,5250,NY,2025-12-26,2024-08-26,bnpl
ACCT00000534,3370,NY,2026-01-26,2024-12-26,credit_card
ACCT00000535,4801,NY,2025-08-26,2024-09-26,credit_card
ACCT00000536,3559,TX,2025-05-26,2025-03-26,fintech_personal_loan
ACCT00000537,5016,NY,2025-11-26,2025-03-26,fintech_personal_loan
ACCT00000538,6364,NY,2026-02-26,2024-09-26,fintech_personal_loan
ACCT00000539,4763,TX,2025-12-26,2025-06-26,credit_card
ACCT00000540,526558,TX,2025-06-26,2024-09-26,fintech_personal_loan
ACCT00000541,5999,NY,2025-05-26,2025-04-26,bnpl
ACCT00000542,5515,NY,2025-07-26,2024-08-26,unknown
ACCT00000543,5387,IL,2025-03-26,2025-02-26,credit_card
ACCT00000544,4861,NY,2025-03-26,2024-10-26,fintech_personal_loan
ACCT00000545,3419,TX,2025-05-26,2025-04-26,credit_card
ACCT00000546,4875,TX,2025-08-26,2024-11-26,bnpl
ACCT00000547,5705,MI,2025-02-26,2024-12-26,fintech_personal_loan
ACCT00000548,5578,NY,2025-11-26,2024-10-26,credit_card
ACCT00000549,3471,CA,2025-09-26,2024-09-26,fintech_personal_loan
ACCT00000550,3161,TX,2025-02-26,2025-01-26,credit_card
ACCT00000551,4641,TX,2025-04-26,2025-02-26,fintech_personal_loan
ACCT00000552,4672,GA,2025-03-26,2024-12-26,bnpl
ACCT00000553,6589,NY,2025-09-26,2025-08-26,fintech_personal_loan
ACCT00000554,6122,TX,2025-02-26,2024-12-26,fintech_personal_loan
ACCT00000555,4558,PA,2025-04-26,2024-10-26,fintech_personal_loan
ACCT00000556,3970,NY,2026-02-26,2024-08-26,credit_card
ACCT00000557,4053,NY,2026-01-26,,fintech_personal_loan
ACCT00000558,5777,NY,2025-02-26,2024-08-26,fintech_personal_loan
ACCT00000559,2718,TX,2025-05-26,2024-10-26,credit_card
ACCT00000560,5577,TX,2025-07-26,2025-02-26,fintech_personal_loan
ACCT00000561,4380,GA,2025-03-26,2024-11-26,bnpl
ACCT00000562,4518,NY,2026-02-26,2025-02-26,fintech_personal_loan
ACCT00000563,4795,TX,2025-07-26,2025-05-26,credit_card
ACCT00000564,4094,NY,2026-01-26,2025-08-26,fintech_personal_loan
ACCT00000565,5914,TX,2025-09-26,2025-07-26,fintech_personal_loan
ACCT00000566,4064,NY,2025-12-26,2025-05-26,credit_card
ACCT00000567,4783,NY,2025-03-26,2025-01-26,credit_card
ACCT00000568,4704,TX,2026-02-26,2024-12-26,credit_card
ACCT00000569,3564,TX,2025-08-26,2025-04-26,fintech_personal_loan
ACCT00000570,5884,TX,2026-01-26,2024-09-26,credit_card
ACCT00000571,3764,MI,2025-09-26,2025-06-26,fintech_personal_loan
ACCT00000572,4906,TX,2025-09-26,2025-07-26,fintech_personal_loan
ACCT00000573,4697,TX,2025-11-26,2024-11-26,fintech_personal_loan
ACCT00000574,4081,NY,2025-03-26,2025-01-26,credit_card
ACCT00000575,5077,NY,2025-04-26,2025-01-26,credit_card
ACCT00000576,4329,VA,2025-06-26,2024-08-26,credit_card
ACCT00000577,6005,TX,2025-09-26,2024-12-26,credit_card
ACCT00000578,5296,TX,2025-07-26,2025-04-26,credit_card
ACCT00000579,2897,NY,2025-04-26,2025-01-26,fintech_personal_loan
ACCT00000580,5936,NY,2025-05-26,2025-02-26,credit_card
ACCT00000581,3977,TX,2025-03-26,2025-01-26,fintech_personal_loan
ACCT00000582,3715,TX,2025-02-26,2024-10-26,fintech_personal_loan
ACCT00000583,4995,NY,2025-08-26,2025-07-26,credit_card
ACCT00000584,6197,TX,2025-08-26,2025-01-26,bnpl
ACCT00000585,4201,TX,,2024-10-26,fintech_personal_loan
ACCT00000586,5088,TX,2026-01-26,2024-09-26,fintech_personal_loan
ACCT00000587,3992,NY,2025-12-26,2024-12-26,fintech_personal_loan
ACCT00000588,5332,NY,2025-02-26,2024-12-26,credit_card
ACCT00000589,4364,TX,2025-12-26,2025-04-26,credit_card
ACCT00000590,5093,NY,2025-02-26,2024-12-26,bnpl
ACCT00000591,6713,TX,2026-01-26,2024-08-26,bnpl
ACCT00000592,3520,NY,2025-07-26,2025-01-26,fintech_personal_loan
ACCT00000593,4672,NY,2026-01-26,2025-02-26,fintech_personal_loan
ACCT00000594,4661,TX,2025-02-26,2025-01-26,bnpl
ACCT00000595,3574,NY,2025-06-26,2025-03-26,bnpl
ACCT00000596,3066,MI,2025-04-26,2025-03-26,fintech_personal_loan
ACCT00000597,5209,TX,2025-10-26,2025-06-26,fintech_personal_loan
ACCT00000598,3959,NY,2025-11-26,2025-06-26,fintech_personal_loan
ACCT00000599,5321,TX,2025-04-26,2025-01-26,credit_card
ACCT00000600,3936,TX,2025-03-26,2024-10-26,bnpl
ACCT00000601,5561,NY,2025-12-26,2025-02-26,bnpl
ACCT00000602,4314,NY,2025-10-26,2024-12-26,fintech_personal_loan
ACCT00000603,4639,NY,2025-05-26,2024-09-26,fintech_personal_loan
ACCT00000604,4372,TX,2026-01-26,2025-07-26,fintech_personal_loan
ACCT00000605,6569,NY,2025-07-26,2025-04-26,fintech_personal_loan
ACCT00000606,5189,WA,2025-04-26,2025-03-26,bnpl
ACCT00000607,4708,NY,2025-12-26,2025-03-26,fintech_personal_loan
ACCT00000608,3829,TX,2025-03-26,2025-02-26,bnpl
ACCT00000609,4124,NY,2025-12-26,2024-08-26,credit_card
ACCT00000610,5190,WA,2026-02-26,2024-08-26,credit_card
ACCT00000611,4563,NC,2025-09-26,2025-01-26,fintech_personal_loan
ACCT00000612,6165,TX,2025-03-26,2025-01-26,bnpl
ACCT00000613,4301,NY,2025-06-26,2025-01-26,bnpl
ACCT00000614,4286,NY,2025-09-26,2025-06-26,fintech_personal_loan
ACCT00000615,3408,NY,2025-09-26,2025-01-26,bnpl
ACCT00000616,4561,FL,2026-01-26,2024-12-26,fintech_personal_loan
ACCT00000617,5262,TX,2025-08-26,2025-06-26,bnpl
ACCT00000618,6108,TX,2025-06-26,2025-05-26,fintech_personal_loan
ACCT00000619,6576,NY,2025-06-26,2024-08-26,fintech_personal_loan
ACCT00000620,3837,GA,2025-11-26,2025-03-26,credit_card
ACCT00000621,4937,TX,2026-02-26,2025-03-26,fintech_personal_loan
ACCT00000622,4668,TX,2026-01-26,2024-09-26,fintech_personal_loan
ACCT00000623,3632,NY,2026-02-26,2025-02-26,fintech_personal_loan
ACCT00000624,4754,TX,2025-05-26,2025-04-26,bnpl
ACCT00000625,3057,NY,2025-05-26,2025-03-26,fintech_personal_loan
ACCT00000626,4756,PA,2026-02-26,2024-10-26,credit_card
ACCT00000627,1982,NY,2025-02-26,2024-12-26,fintech_personal_loan
ACCT00000628,4040,TX,2026-02-26,2024-11-26,fintech_personal_loan
ACCT00000629,3245,TX,2025-09-26,2025-06-26,fintech_personal_loan
ACCT00000630,8032,NY,2026-01-26,,credit_card
ACCT00000631,6165,NC,2025-06-26,2025-04-26,bnpl
ACCT00000632,5995,TX,2025-05-26,2024-08-26,credit_card
ACCT00000633,507159,GA,2025-11-26,2025-07-26,bnpl
ACCT00000634,5211,CA,2025-07-26,2024-10-26,fintech_personal_loan
ACCT00000635,4848,NY,2026-01-26,2025-02-26,credit_card
ACCT00000636,5305,OH,2025-02-26,2024-09-26,fintech_personal_loan
ACCT00000637,4063,WA,2025-02-26,2024-09-26,fintech_personal_loan
ACCT00000638,3322,PA,2025-08-26,2025-01-26,bnpl
ACCT00000639,7903,NC,2026-02-26,2025-05-26,bnpl
ACCT00000640,4942,NY,2025-02-26,2024-10-26,bnpl
ACCT00000641,5622,NY,2025-06-26,2025-03-26,credit_card
ACCT00000642,3784,NY,2025-11-26,2025-08-26,credit_card
ACCT00000643,5546,TX,2025-04-26,2024-11-26,credit_card
ACCT00000644,3355,PA,2025-11-26,2025-05-26,bnpl
ACCT00000645,4237,MI,2025-02-26,2024-10-26,fintech_personal_loan
ACCT00000646,5451,NY,2026-01-26,2024-10-26,fintech_personal_loan
ACCT00000647,5644,PA,2025-10-26,2025-06-26,credit_card
ACCT00000648,4988,TX,2025-05-26,2025-04-26,bnpl
ACCT00000649,4177,NY,2025-12-26,2025-02-26,fintech_personal_loan
ACCT00000650,4532,TX,2026-01-26,2025-08-26,bnpl
ACCT00000651,4524,TX,2025-09-26,2024-09-26,fintech_personal_loan
ACCT00000652,4239,NY,2025-05-26,2025-02-26,fintech_personal_loan
ACCT00000653,3595,TX,2025-02-26,2024-11-26,fintech_personal_loan
ACCT00000654,4889,TX,2025-05-26,2025-01-26,credit_card
ACCT00000655,3008,TX,2025-03-26,2024-09-26,credit_card
ACCT00000656,3888,NY,2025-03-26,2024-08-26,fintech_personal_loan
ACCT00000657,5700,NY,2025-10-26,2025-07-26,bnpl
ACCT00000658,5681,TX,2025-06-26,2025-03-26,fintech_personal_loan
ACCT00000659,4610,TX,2025-04-26,2025-02-26,fintech_personal_loan
ACCT00000660,4495,NY,2025-07-26,2025-03-26,credit_card
ACCT00000661,4727,IL,2025-08-26,2025-07-26,fintech_personal_loan
ACCT00000662,5294,NY,2025-09-26,2024-12-26,credit_card
ACCT00000663,5761,TX,2026-02-26,2025-02-26,credit_card
ACCT00000664,5996,TX,2025-11-26,2024-12-26,fintech_personal_loan
ACCT00000665,4601,NY,2025-10-26,2025-04-26,fintech_personal_loan
ACCT00000666,4801,TX,2026-02-26,2025-04-26,fintech_personal_loan
ACCT00000667,6641,NY,2026-01-26,2024-12-26,fintech_personal_loan
ACCT00000668,5386,NY,2025-04-26,2024-09-26,fintech_personal_loan
ACCT00000669,6613,VA,2025-07-26,2024-11-26,credit_card
ACCT00000670,5626,TX,2025-07-26,2025-01-26,unknown
ACCT00000671,3407,NY,2025-06-26,2024-11-26,fintech_personal_loan
ACCT00000672,4838,NY,2025-04-26,2025-02-26,fintech_personal_loan
ACCT00000673,4610,NY,2025-09-26,2024-12-26,credit_card
ACCT00000674,4938,NY,2025-06-26,2025-04-26,credit_card
ACCT00000675,4571,TX,2025-06-26,2024-10-26,fintech_personal_loan
ACCT00000676,5819,GA,2025-08-26,2024-09-26,fintech_personal_loan
ACCT00000677,4396,NY,2025-10-26,2024-11-26,fintech_personal_loan
ACCT00000678,5274,TX,2025-11-26,2024-09-26,bnpl
ACCT00000679,5892,TX,2025-09-26,2024-12-26,bnpl
ACCT00000680,6102,TX,2025-10-26,2025-02-26,fintech_personal_loan
ACCT00000681,4781,TX,2026-01-26,2025-03-26,fintech_personal_loan
ACCT00000682,3171,NY,2025-09-26,2025-07-26,bnpl
ACCT00000683,3488,NY,2025-03-26,2025-02-26,fintech_personal_loan
ACCT00000684,4241,NY,2025-07-26,2024-10-26,fintech_personal_loan
ACCT00000685,5220,NY,2025-06-26,2024-12-26,fintech_personal_loan
ACCT00000686,6318,TX,2025-12-26,2025-08-26,credit_card
ACCT00000687,3814,NY,2025-12-26,2025-08-26,credit_card
ACCT00000688,5579,TX,2025-06-26,2024-09-26,credit_card
ACCT00000689,4073,TX,2025-05-26,2025-02-26,credit_card
ACCT00000690,5152,GA,2025-12-26,2025-02-26,bnpl
ACCT00000691,6041,NY,2025-12-26,2025-06-26,fintech_personal_loan
ACCT00000692,6448,NY,2025-10-26,2024-10-26,fintech_personal_loan
ACCT00000693,478052,TX,2025-10-26,2025-07-26,fintech_personal_loan
ACCT00000694,6320,NY,2026-02-26,2024-09-26,credit_card
ACCT00000695,4585,TX,2025-06-26,2025-03-26,fintech_personal_loan
ACCT00000696,4480,NY,2025-05-26,2024-09-26,fintech_personal_loan
ACCT00000697,4787,TX,2025-04-26,2024-09-26,bnpl
ACCT00000698,5037,TX,2025-09-26,2025-07-26,credit_card
ACCT00000699,5161,NY,2025-06-26,2024-12-26,fintech_personal_loan
ACCT00000700,3836,NY,2025-10-26,2024-11-26,credit_card
ACCT00000701,5232,NY,2026-02-26,2025-08-26,fintech_personal_loan
ACCT00000702,474038,WA,2025-12-26,2025-05-26,credit_card
ACCT00000703,6512,TX,2025-02-26,2024-12-26,fintech_personal_loan
ACCT00000704,4260,NY,2025-10-26,2025-08-26,bnpl
ACCT00000705,5438,TX,2025-04-26,2025-02-26,fintech_personal_loan
ACCT00000706,5364,NC,2025-12-26,2025-02-26,credit_card
ACCT00000707,5851,NY,2026-02-26,2024-10-26,bnpl
ACCT00000708,4832,TX,2025-10-26,2025-07-26,unknown
ACCT00000709,4699,MI,2026-02-26,2025-02-26,credit_card
ACCT00000710,3683,TX,2025-08-26,2025-06-26,credit_card
ACCT00000711,5682,NY,2025-10-26,2024-11-26,credit_card
ACCT00000712,4896,NY,2026-02-26,2025-07-26,credit_card
ACCT00000713,6800,NY,2025-11-26,2024-09-26,bnpl
ACCT00000714,4148,NY,2025-10-26,2025-07-26,credit_card
ACCT00000715,4423,FL,2025-10-26,2024-09-26,credit_card
ACCT00000716,3944,NY,2025-07-26,2025-04-26,credit_card
ACCT00000717,3971,NY,2025-12-26,2025-02-26,fintech_personal_loan
ACCT00000718,4238,TX,2025-07-26,2024-11-26,fintech_personal_loan
ACCT00000719,5929,TX,2025-02-26,2025-01-26,fintech_personal_loan
ACCT00000720,3533,OH,2025-04-26,2025-01-26,bnpl
ACCT00000721,5699,OH,2025-12-26,2024-09-26,fintech_personal_loan
ACCT00000722,4512,TX,2025-11-26,2024-10-26,credit_card
ACCT00000723,4297,TX,2025-06-26,2025-03-26,bnpl
ACCT00000724,5151,NY,2025-09-26,2025-08-26,credit_card
ACCT00000725,5256,TX,2025-02-26,2024-11-26,bnpl
ACCT00000726,4442,NY,2025-03-26,2025-01-26,credit_card
ACCT00000727,3112,NY,2025-10-26,2025-02-26,bnpl
ACCT00000728,5146,TX,2025-04-26,2024-12-26,fintech_personal_loan
ACCT00000729,3902,TX,2025-02-26,2025-01-26,bnpl
ACCT00000730,5113,CA,2025-06-26,2025-01-26,bnpl
ACCT00000731,4771,NY,2026-01-26,2024-08-26,fintech_personal_loan
ACCT00000732,5007,NY,2025-07-26,2025-02-26,credit_card
ACCT00000733,3958,TX,2025-11-26,2024-12-26,credit_card
ACCT00000734,6013,NY,2026-01-26,2024-11-26,fintech_personal_loan
ACCT00000735,4694,TX,2026-02-26,2025-06-26,fintech_personal_loan
ACCT00000736,3322,NY,2025-05-26,2025-03-26,bnpl
ACCT00000737,5804,NY,2025-02-26,2024-08-26,credit_card
ACCT00000738,5090,TX,2025-02-26,2024-11-26,fintech_personal_loan
ACCT00000739,3789,TX,2025-05-26,2025-04-26,fintech_personal_loan
ACCT00000740,7143,NC,2025-03-26,2024-10-26,credit_card
ACCT00000741,4086,NY,2026-01-26,2025-01-26,fintech_personal_loan
ACCT00000742,5222,CA,2026-01-26,2025-06-26,fintech_personal_loan
ACCT00000743,4765,OH,2025-07-26,2025-05-26,fintech_personal_loan
ACCT00000744,6124,TX,2025-08-26,2024-12-26,fintech_personal_loan
ACCT00000745,4903,NY,2025-03-26,,fintech_personal_loan
ACCT00000746,6026,NY,2025-04-26,2024-10-26,bnpl
ACCT00000747,6386,CA,2025-06-26,2025-03-26,fintech_personal_loan
ACCT00000748,6137,IL,2025-12-26,2025-05-26,bnpl
ACCT00000749,6033,IL,2025-05-26,2025-01-26,bnpl
ACCT00000750,6550,TX,2025-09-26,2025-07-26,fintech_personal_loan
ACCT00000751,5811,TX,2025-09-26,2024-11-26,bnpl
ACCT00000752,4484,VA,2025-10-26,2024-10-26,bnpl
ACCT00000753,3378,NY,2026-01-26,2024-12-26,bnpl
ACCT00000754,2835,TX,2025-03-26,2025-01-26,fintech_personal_loan
ACCT00000755,5504,NY,2025-12-26,2025-03-26,fintech_personal_loan
ACCT00000756,4570,NY,2025-03-26,2024-12-26,bnpl
ACCT00000757,5534,NY,2025-03-26,2024-11-26,bnpl
ACCT00000758,5460,TX,2025-11-26,2024-12-26,credit_card
ACCT00000759,5215,NY,2025-11-26,2025-03-26,unknown
ACCT00000760,5283,OH,2025-08-26,,fintech_personal_loan
ACCT00000761,3204,NY,2025-07-26,2024-12-26,bnpl
ACCT00000762,4566,TX,2025-06-26,2024-09-26,bnpl
ACCT00000763,6069,NY,2025-08-26,2025-03-26,fintech_personal_loan
ACCT00000764,4934,NY,2026-01-26,2025-01-26,fintech_personal_loan
ACCT00000765,3524,TX,2025-10-26,2025-02-26,fintech_personal_loan
ACCT00000766,6157,NY,2025-02-26,2024-12-26,credit_card
ACCT00000767,7093,NY,2025-07-26,2024-08-26,fintech_personal_loan
ACCT00000768,5230,NY,2025-09-26,2024-09-26,credit_card
ACCT00000769,476580,NY,2025-09-26,2025-08-26,credit_card
ACCT00000770,5009,GA,2025-11-26,2025-03-26,fintech_personal_loan
ACCT00000771,4212,TX,2025-02-26,2024-11-26,fintech_personal_loan
ACCT00000772,6243,TX,2025-03-26,2025-01-26,bnpl
ACCT00000773,4383,TX,2026-02-26,2025-06-26,fintech_personal_loan
ACCT00000774,2465,TX,2025-05-26,2025-03-26,fintech_personal_loan
ACCT00000775,6191,NY,2025-07-26,2025-03-26,credit_card
ACCT00000776,4496,NY,2025-12-26,2025-02-26,credit_card
ACCT00000777,4869,NC,2025-08-26,2025-01-26,bnpl
ACCT00000778,5037,NY,2025-07-26,2025-05-26,credit_card
ACCT00000779,440413,NY,2025-08-26,2025-03-26,fintech_personal_loan
ACCT00000780,5063,TX,2025-08-26,2024-11-26,bnpl
ACCT00000781,3993,GA,2025-12-26,2025-04-26,bnpl
ACCT00000782,3790,NY,2025-09-26,2025-07-26,fintech_personal_loan
ACCT00000783,6441,NY,2025-02-26,2025-01-26,fintech_personal_loan
ACCT00000784,6190,TX,2025-11-26,2025-01-26,credit_card
ACCT00000785,3093,TX,2025-05-26,2024-08-26,fintech_personal_loan
ACCT00000786,5821,NY,2025-03-26,2024-10-26,bnpl
ACCT00000787,5312,IL,2026-02-26,2025-05-26,credit_card
ACCT00000788,3966,TX,2025-05-26,2025-03-26,credit_card
ACCT00000789,4838,GA,2025-04-26,2025-01-26,fintech_personal_loan
ACCT00000790,5046,NY,2025-03-26,2025-01-26,credit_card
ACCT00000791,4746,TX,2025-10-26,2025-07-26,fintech_personal_loan
ACCT00000792,3857,NY,2025-06-26,2024-11-26,fintech_personal_loan
ACCT00000793,4935,NY,2025-03-26,2025-01-26,fintech_personal_loan
ACCT00000794,4401,WA,2025-12-26,2024-09-26,fintech_personal_loan
ACCT00000795,5053,NY,2025-05-26,2025-02-26,bnpl
ACCT00000796,3203,NC,2025-06-26,2025-03-26,credit_card
ACCT00000797,5139,NY,2025-04-26,2025-03-26,fintech_personal_loan
ACCT00000798,5317,NY,2025-03-26,2025-02-26,bnpl
ACCT00000799,5447,PA,2026-01-26,2024-08-26,fintech_personal_loan
ACCT00000800,4669,MI,2025-10-26,2024-11-26,bnpl
ACCT00000801,5197,NY,2025-05-26,2024-11-26,fintech_personal_loan
ACCT00000802,4652,NY,2025-08-26,2024-10-26,credit_card
ACCT00000803,4641,NY,2025-10-26,2024-08-26,credit_card
ACCT00000804,4829,NY,2025-09-26,2024-11-26,credit_card
ACCT00000805,5265,FL,2025-03-26,2025-01-26,fintech_personal_loan
ACCT00000806,470274,NY,2026-01-26,2025-06-26,fintech_personal_loan
ACCT00000807,4498,NY,2026-02-26,2024-10-26,credit_card
ACCT00000808,4304,NY,2025-05-26,2024-11-26,credit_card
ACCT00000809,6325,NY,2025-03-26,2025-01-26,credit_card
ACCT00000810,5782,NY,2025-05-26,2025-02-26,credit_card
ACCT00000811,4691,IL,2025-08-26,2025-05-26,credit_card
ACCT00000812,5503,NC,2025-03-26,2024-12-26,fintech_personal_loan
ACCT00000813,4771,NY,2025-09-26,2024-09-26,fintech_personal_loan
ACCT00000814,5316,NY,2025-10-26,2025-08-26,bnpl
ACCT00000815,5380,VA,2025-09-26,2025-07-26,credit_card
ACCT00000816,5047,TX,2025-11-26,2024-08-26,fintech_personal_loan
ACCT00000817,3317,NY,2026-02-26,2024-08-26,bnpl
ACCT00000818,5893,TX,2025-08-26,2024-10-26,fintech_personal_loan
ACCT00000819,4962,IL,2025-03-26,2025-02-26,credit_card
ACCT00000820,5813,TX,2025-07-26,2025-05-26,credit_card
ACCT00000821,3373,TX,2025-04-26,2024-10-26,credit_card
ACCT00000822,1749,TX,2025-07-26,2025-05-26,credit_card
ACCT00000823,4040,TX,2025-04-26,2025-01-26,fintech_personal_loan
ACCT00000824,6018,TX,2025-07-26,2025-01-26,fintech_personal_loan
ACCT00000825,4774,NY,2025-10-26,2024-10-26,fintech_personal_loan
ACCT00000826,4284,NY,2026-01-26,2024-12-26,bnpl
ACCT00000827,3130,NY,2025-04-26,2024-08-26,credit_card
ACCT00000828,5639,TX,2025-05-26,2024-08-26,fintech_personal_loan
ACCT00000829,4131,NY,2025-07-26,2025-01-26,fintech_personal_loan
ACCT00000830,6216,NY,2025-11-26,2024-09-26,bnpl
ACCT00000831,6057,GA,2025-08-26,2025-01-26,fintech_personal_loan
ACCT00000832,3673,NY,2025-09-26,2025-08-26,fintech_personal_loan
ACCT00000833,5460,TX,2025-10-26,2025-04-26,fintech_personal_loan
ACCT00000834,5156,TX,2026-01-26,2025-02-26,fintech_personal_loan
ACCT00000835,4483,NY,2026-01-26,2024-11-26,fintech_personal_loan
ACCT00000836,3990,NY,2025-06-26,2025-01-26,credit_card
ACCT00000837,4848,NC,2025-08-26,2025-01-26,fintech_personal_loan
ACCT00000838,5908,TX,2025-12-26,2025-05-26,credit_card
ACCT00000839,5721,OH,2025-11-26,2024-08-26,bnpl
ACCT00000840,5542,IL,2026-02-26,2025-02-26,bnpl
ACCT00000841,4353,IL,2025-04-26,2024-10-26,credit_card
ACCT00000842,4276,NY,2025-04-26,2025-01-26,fintech_personal_loan
ACCT00000843,4470,CA,2025-03-26,2024-10-26,fintech_personal_loan
ACCT00000844,4537,TX,2025-10-26,2025-07-26,credit_card
ACCT00000845,5037,OH,2025-10-26,2025-06-26,fintech_personal_loan
ACCT00000846,5380,TX,2025-11-26,2024-08-26,credit_card
ACCT00000847,5450,NY,2025-04-26,2024-12-26,fintech_personal_loan
ACCT00000848,4105,NY,2025-10-26,2024-09-26,fintech_personal_loan
ACCT00000849,2518,TX,2025-08-26,2024-09-26,credit_card
ACCT00000850,4398,NY,2025-03-26,2025-01-26,fintech_personal_loan
ACCT00000851,5039,NY,2025-02-26,2024-10-26,credit_card
ACCT00000852,4834,NY,2025-10-26,2025-07-26,bnpl
ACCT00000853,4362,NY,2025-04-26,2025-02-26,fintech_personal_loan
ACCT00000854,5397,NY,2025-05-26,2025-02-26,fintech_personal_loan
ACCT00000855,5666,NC,2025-10-26,2025-02-26,credit_card
ACCT00000856,5847,NY,2025-03-26,2024-08-26,bnpl
ACCT00000857,2754,MI,2025-08-26,2024-12-26,credit_card
ACCT00000858,3961,NY,2025-12-26,2025-01-26,fintech_personal_loan
ACCT00000859,7017,NY,2026-01-26,2025-08-26,fintech_personal_loan
ACCT00000860,5645,TX,2025-11-26,2025-05-26,bnpl
ACCT00000861,4228,TX,2025-03-26,2024-12-26,fintech_personal_loan
ACCT00000862,5798,NY,2025-12-26,2025-03-26,credit_card
ACCT00000863,4128,TX,2025-03-26,2025-02-26,credit_card
ACCT00000864,4912,TX,,2025-07-26,fintech_personal_loan
ACCT00000865,5558,GA,2025-04-26,2025-02-26,fintech_personal_loan
ACCT00000866,3790,TX,2025-04-26,2024-11-26,credit_card
ACCT00000867,4024,TX,2025-12-26,2025-08-26,fintech_personal_loan
ACCT00000868,5962,FL,2025-07-26,2025-02-26,fintech_personal_loan
ACCT00000869,4789,TX,2025-07-26,2025-01-26,fintech_personal_loan
ACCT00000870,5652,TX,2025-12-26,2024-08-26,fintech_personal_loan
ACCT00000871,4841,MI,2026-01-26,2025-02-26,credit_card
ACCT00000872,5173,WA,2025-11-26,2025-02-26,fintech_personal_loan
ACCT00000873,4781,OH,2025-07-26,2025-06-26,credit_card
ACCT00000874,3135,NY,2025-11-26,2025-07-26,fintech_personal_loan
ACCT00000875,4529,CA,2025-11-26,2025-06-26,fintech_personal_loan
ACCT00000876,4560,NY,2026-01-26,2025-05-26,fintech_personal_loan
ACCT00000877,4604,VA,2025-04-26,2025-03-26,fintech_personal_loan
ACCT00000878,4488,TX,2026-02-26,2024-10-26,fintech_personal_loan
ACCT00000879,4950,NY,2026-01-26,2025-06-26,credit_card
ACCT00000880,579579,TX,2025-04-26,2024-08-26,fintech_personal_loan
ACCT00000881,5129,OH,2025-08-26,2025-07-26,bnpl
ACCT00000882,3287,NY,2025-04-26,2025-02-26,fintech_personal_loan
ACCT00000883,4338,FL,2025-09-26,2025-02-26,credit_card
ACCT00000884,5599,NY,2025-07-26,2024-09-26,fintech_personal_loan
ACCT00000885,7179,NY,2025-07-26,2025-01-26,fintech_personal_loan
ACCT00000886,3435,NY,2026-01-26,2025-04-26,bnpl
ACCT00000887,5941,TX,2025-11-26,2025-02-26,fintech_personal_loan
ACCT00000888,5023,TX,2025-11-26,2025-02-26,fintech_personal_loan
ACCT00000889,6327,NY,2025-08-26,2024-12-26,bnpl
ACCT00000890,6020,MI,2026-01-26,2024-10-26,bnpl
ACCT00000891,3013,NC,2025-07-26,2025-05-26,fintech_personal_loan
ACCT00000892,5229,NY,2026-02-26,2024-12-26,bnpl
ACCT00000893,5562,NY,2025-10-26,2025-05-26,credit_card
ACCT00000894,4029,NC,2025-03-26,2024-09-26,credit_card
ACCT00000895,4837,TX,2025-06-26,2024-10-26,credit_card
ACCT00000896,5290,NY,2025-08-26,2024-08-26,credit_card
ACCT00000897,4076,TX,2025-12-26,2024-10-26,fintech_personal_loan
ACCT00000898,3809,TX,2025-09-26,2024-10-26,credit_card
ACCT00000899,5798,PA,2025-06-26,,credit_card
ACCT00000900,3594,NY,2025-09-26,2024-09-26,credit_card
ACCT00000901,6858,NY,2025-09-26,2025-01-26,fintech_personal_loan
ACCT00000902,5637,OH,2025-11-26,2025-04-26,fintech_personal_loan
ACCT00000903,4523,NY,2026-02-26,2025-06-26,credit_card
ACCT00000904,4383,TX,2025-06-26,2024-12-26,fintech_personal_loan
ACCT00000905,6362,NY,2026-02-26,2025-04-26,fintech_personal_loan
ACCT00000906,3970,OH,2026-01-26,2024-08-26,credit_card
ACCT00000907,5428,TX,2025-10-26,2025-06-26,fintech_personal_loan
ACCT00000908,4721,TX,2025-05-26,2025-04-26,fintech_personal_loan
ACCT00000909,5350,TX,2025-05-26,2024-08-26,fintech_personal_loan
ACCT00000910,5081,FL,2025-08-26,2025-05-26,fintech_personal_loan
ACCT00000911,6209,NY,2025-10-26,2025-01-26,bnpl
ACCT00000912,5828,NY,2025-08-26,2024-12-26,fintech_personal_loan
ACCT00000913,4658,TX,2025-09-26,2024-11-26,credit_card
ACCT00000914,4143,TX,2026-02-26,2025-01-26,fintech_personal_loan
ACCT00000915,6653,TX,2025-02-26,2024-12-26,fintech_personal_loan
ACCT00000916,4909,TX,2025-05-26,2024-12-26,fintech_personal_loan
ACCT00000917,5401,WA,2025-08-26,2024-10-26,credit_card
ACCT00000918,5237,NY,2025-04-26,2025-01-26,credit_card
ACCT00000919,5599,TX,2025-08-26,2024-12-26,bnpl
ACCT00000920,5093,IL,2025-10-26,2025-06-26,fintech_personal_loan
ACCT00000921,3853,NY,2026-02-26,2025-05-26,bnpl
ACCT00000922,4345,NY,2026-01-26,2025-07-26,fintech_personal_loan
ACCT00000923,5614,OH,2025-08-26,2024-12-26,credit_card
ACCT00000924,7520,NY,2025-09-26,2025-01-26,fintech_personal_loan
ACCT00000925,5644,TX,2025-08-26,2024-11-26,unknown
ACCT00000926,4671,TX,2025-12-26,2025-05-26,bnpl
ACCT00000927,5175,TX,2025-02-26,2024-11-26,credit_card
ACCT00000928,4315,TX,2025-02-26,2024-12-26,credit_card
ACCT00000929,5477,NY,2025-12-26,2024-08-26,bnpl
ACCT00000930,5688,NY,2025-10-26,2025-01-26,fintech_personal_loan
ACCT00000931,4752,PA,2025-12-26,2024-08-26,credit_card
ACCT00000932,5819,FL,2026-02-26,2025-06-26,fintech_personal_loan
ACCT00000933,5668,TX,2026-02-26,2025-06-26,credit_card
ACCT00000934,4723,NY,2025-08-26,2025-06-26,fintech_personal_loan
ACCT00000935,5044,NY,2025-05-26,2024-10-26,fintech_personal_loan
ACCT00000936,7101,TX,2025-06-26,2025-03-26,bnpl
ACCT00000937,4795,NY,2025-07-26,2025-03-26,credit_card
ACCT00000938,2593,NY,2025-12-26,2024-11-26,fintech_personal_loan
ACCT00000939,5860,NY,2025-04-26,2025-03-26,fintech_personal_loan
ACCT00000940,4704,TX,2025-02-26,2024-11-26,bnpl
ACCT00000941,6039,TX,2025-11-26,2025-07-26,bnpl
ACCT00000942,5658,OH,2025-02-26,2024-12-26,bnpl
ACCT00000943,5044,MI,2025-02-26,2025-01-26,fintech_personal_loan
ACCT00000944,5294,MI,2026-02-26,2025-05-26,credit_card
ACCT00000945,4967,NY,2025-06-26,2024-11-26,credit_card
ACCT00000946,4485,TX,2025-07-26,2025-03-26,bnpl
ACCT00000947,4511,NY,2025-04-26,2024-09-26,credit_card
ACCT00000948,5752,IL,2026-01-26,2025-04-26,fintech_personal_loan
ACCT00000949,4374,MI,2025-04-26,2024-09-26,bnpl
ACCT00000950,5653,NY,2025-04-26,2025-02-26,credit_card
ACCT00000951,6206,NY,2025-03-26,2025-01-26,credit_card
ACCT00000952,7095,NY,2025-06-26,2024-08-26,credit_card
ACCT00000953,5010,CA,2025-03-26,2024-12-26,fintech_personal_loan
ACCT00000954,6399,NY,2026-02-26,2025-04-26,fintech_personal_loan
ACCT00000955,3888,NY,2025-09-26,2025-04-26,fintech_personal_loan
ACCT00000956,4023,TX,2025-08-26,2024-11-26,fintech_personal_loan
ACCT00000957,5269,TX,2025-09-26,2025-08-26,fintech_personal_loan
ACCT00000958,4976,NY,2025-07-26,2025-05-26,fintech_personal_loan
ACCT00000959,5956,NY,2026-02-26,2025-08-26,fintech_personal_loan
ACCT00000960,3837,NY,2025-09-26,2025-05-26,unknown
ACCT00000961,6139,TX,2026-02-26,2025-01-26,fintech_personal_loan
ACCT00000962,3435,TX,2026-02-26,2025-07-26,credit_card
ACCT00000963,5492,TX,2025-08-26,2024-10-26,unknown
ACCT00000964,4592,NY,2025-08-26,2025-04-26,fintech_personal_loan
ACCT00000965,432732,NY,2025-09-26,2025-02-26,fintech_personal_loan
ACCT00000966,4771,NY,2025-11-26,2024-08-26,bnpl
ACCT00000967,5434,PA,2025-10-26,2025-06-26,fintech_personal_loan
ACCT00000968,3056,NY,2025-08-26,2025-05-26,fintech_personal_loan
ACCT00000969,4456,NY,2025-08-26,2025-07-26,fintech_personal_loan
ACCT00000970,5522,TX,2025-11-26,2025-01-26,fintech_personal_loan
ACCT00000971,5365,MI,2025-07-26,2024-09-26,fintech_personal_loan
ACCT00000972,3932,OH,2025-02-26,2024-12-26,fintech_personal_loan
ACCT00000973,5816,TX,2025-09-26,2025-03-26,fintech_personal_loan
ACCT00000974,5491,TX,2025-02-26,2024-11-26,fintech_personal_loan
ACCT00000975,6630,NY,2026-01-26,2024-08-26,credit_card
ACCT00000976,2622,NY,2025-02-26,2025-01-26,fintech_personal_loan
ACCT00000977,6202,TX,2025-07-26,2025-04-26,fintech_personal_loan
ACCT00000978,5217,NY,2025-09-26,2025-07-26,fintech_personal_loan
ACCT00000979,4415,NY,2025-04-26,2024-12-26,fintech_personal_loan
ACCT00000980,5216,NY,2025-08-26,2024-09-26,credit_card
ACCT00000981,6658,NY,2025-05-26,2024-10-26,fintech_personal_loan
ACCT00000982,4915,VA,2025-06-26,2024-11-26,fintech_personal_loan
ACCT00000983,3811,TX,2025-11-26,2025-08-26,fintech_personal_loan
ACCT00000984,2106,NY,2025-08-26,2025-06-26,fintech_personal_loan
ACCT00000985,4339,TX,2025-11-26,2025-04-26,fintech_personal_loan
ACCT00000986,6647,TX,2025-07-26,2025-03-26,fintech_personal_loan
ACCT00000987,4468,TX,2025-07-26,2025-06-26,fintech_personal_loan
ACCT00000988,3464,NY,2026-01-26,2025-02-26,credit_card
ACCT00000989,5125,NY,2025-02-26,2024-08-26,credit_card
ACCT00000990,3930,TX,2025-02-26,2024-11-26,fintech_personal_loan
ACCT00000991,4096,FL,2025-04-26,2025-01-26,bnpl
ACCT00000992,4666,PA,2025-07-26,2024-09-26,bnpl
ACCT00000993,5320,NY,2025-05-26,2025-02-26,fintech_personal_loan
ACCT00000994,5713,MI,2025-03-26,2024-08-26,credit_card
ACCT00000995,4186,TX,2025-10-26,2024-08-26,fintech_personal_loan
ACCT00000996,5281,NY,2025-05-26,2025-03-26,fintech_personal_loan
ACCT00000997,4350,NY,2025-10-26,2025-03-26,fintech_personal_loan
ACCT00000998,5095,NY,2025-03-26,2024-11-26,fintech_personal_loan
ACCT00000999,4300,TX,2025-10-26,2025-05-26,bnpl
ACCT00001000,3913,TX,2025-09-26,2024-09-26,bnpl
ACCT00001001,4785,NY,2025-12-26,2025-02-26,credit_card
ACCT00001002,5704,NY,2025-08-26,2025-04-26,fintech_personal_loan
ACCT00001003,5554,TX,2025-03-26,2024-08-26,credit_card
ACCT00001004,4363,NY,2025-11-26,2025-06-26,fintech_personal_loan
ACCT00001005,5664,TX,2025-03-26,2024-08-26,bnpl
ACCT00001006,5940,NY,2025-05-26,2025-02-26,fintech_personal_loan
ACCT00001007,5863,NY,2025-04-26,2025-03-26,bnpl
ACCT00001008,5164,TX,2026-02-26,2024-10-26,fintech_personal_loan
ACCT00001009,4857,NY,2025-06-26,2025-04-26,credit_card
ACCT00001010,3427,NC,2025-02-26,2024-12-26,bnpl
ACCT00001011,5744,MI,2025-10-26,2025-05-26,fintech_personal_loan
ACCT00001012,5754,NY,2025-06-26,2024-12-26,credit_card
ACCT00001013,3152,NY,2026-01-26,2025-07-26,credit_card
ACCT00001014,4471,TX,2025-11-26,2024-08-26,credit_card
ACCT00001015,5393,TX,2025-03-26,2025-01-26,fintech_personal_loan
ACCT00001016,4430,TX,2025-03-26,2024-08-26,credit_card
ACCT00001017,7228,TX,2026-01-26,2024-12-26,bnpl
ACCT00001018,6197,TX,2025-03-26,2025-01-26,fintech_personal_loan
ACCT00001019,3165,NY,2025-09-26,2025-05-26,bnpl
ACCT00001020,4966,NY,2025-09-26,2024-11-26,fintech_personal_loan
ACCT00001021,4974,MI,2025-12-26,2024-11-26,fintech_personal_loan
ACCT00001022,5826,NY,2025-05-26,2025-04-26,credit_card
ACCT00001023,4897,NY,2025-03-26,2024-12-26,credit_card
ACCT00001024,6254,IL,2025-04-26,2024-08-26,fintech_personal_loan
ACCT00001025,5516,FL,2025-06-26,2024-09-26,bnpl
ACCT00001026,4136,TX,2025-05-26,2025-01-26,fintech_personal_loan
ACCT00001027,5609,CA,2025-06-26,2024-09-26,bnpl
ACCT00001028,2752,NY,2025-10-26,2025-07-26,credit_card
ACCT00001029,5680,TX,2025-11-26,2025-06-26,credit_card
ACCT00001030,530420,NY,2026-01-26,2024-12-26,bnpl
ACCT00001031,7974,NY,2025-08-26,2024-11-26,bnpl
ACCT00001032,3451,TX,2025-08-26,2024-10-26,bnpl
ACCT00001033,5853,NY,2025-06-26,2025-01-26,bnpl
ACCT00001034,6059,NY,2025-04-26,2024-10-26,fintech_personal_loan
ACCT00001035,4840,TX,2025-03-26,2024-12-26,credit_card
ACCT00001036,4723,NY,2025-04-26,,fintech_personal_loan
ACCT00001037,5081,TX,2025-12-26,2024-09-26,fintech_personal_loan
ACCT00001038,4986,VA,2025-10-26,2025-02-26,credit_card
ACCT00001039,4041,TX,2025-04-26,2024-09-26,fintech_personal_loan
ACCT00001040,4846,TX,2026-01-26,2025-07-26,credit_card
ACCT00001041,2897,NY,2026-02-26,,bnpl
ACCT00001042,5787,NY,2025-05-26,2025-01-26,fintech_personal_loan
ACCT00001043,5978,TX,2026-02-26,2025-01-26,bnpl
ACCT00001044,5483,WA,2025-08-26,2025-02-26,fintech_personal_loan
ACCT00001045,5269,IL,2025-05-26,2025-04-26,credit_card
ACCT00001046,5139,NY,2025-10-26,2024-12-26,credit_card
ACCT00001047,5041,NY,2026-01-26,2024-09-26,bnpl
ACCT00001048,4072,NY,2025-03-26,2024-10-26,fintech_personal_loan
ACCT00001049,4070,CA,2025-12-26,2025-05-26,bnpl
ACCT00001050,5370,TX,2026-02-26,2025-07-26,fintech_personal_loan
ACCT00001051,3666,NY,2025-04-26,2024-11-26,credit_card
ACCT00001052,6213,TX,2025-10-26,2025-05-26,bnpl
ACCT00001053,5632,NY,2025-10-26,2024-12-26,fintech_personal_loan
ACCT00001054,2952,TX,2026-01-26,2025-06-26,fintech_personal_loan
ACCT00001055,5627,NY,2025-08-26,2024-09-26,credit_card
ACCT00001056,3663,NY,2025-05-26,2025-03-26,fintech_personal_loan
ACCT00001057,4920,NY,2025-03-26,2025-02-26,fintech_personal_loan
ACCT00001058,3310,NY,2025-04-26,2025-01-26,bnpl
ACCT00001059,4764,TX,2025-12-26,2024-10-26,credit_card
ACCT00001060,5929,CA,2025-02-26,2025-01-26,credit_card
ACCT00001061,4600,IL,2025-06-26,2025-04-26,bnpl
ACCT00001062,6077,NY,2025-12-26,2025-07-26,bnpl
ACCT00001063,4946,NY,2025-11-26,,fintech_personal_loan
ACCT00001064,4049,NY,2025-06-26,2025-01-26,credit_card
ACCT00001065,4995,NY,2025-11-26,2024-08-26,fintech_personal_loan
ACCT00001066,6878,TX,2025-09-26,2024-12-26,fintech_personal_loan
ACCT00001067,5437,TX,2026-01-26,2024-09-26,fintech_personal_loan
ACCT00001068,6088,TX,2025-08-26,2025-05-26,credit_card
ACCT00001069,5143,NY,2025-11-26,2025-01-26,fintech_personal_loan
ACCT00001070,5917,NY,2025-08-26,2025-04-26,credit_card
ACCT00001071,4513,PA,2025-08-26,2025-05-26,bnpl
ACCT00001072,4619,NY,2025-02-26,2025-01-26,fintech_personal_loan
ACCT00001073,472922,NY,2025-09-26,2024-09-26,credit_card
ACCT00001074,5579,NY,2025-12-26,2025-06-26,credit_card
ACCT00001075,5725,TX,2025-06-26,2025-05-26,fintech_personal_loan
ACCT00001076,5139,TX,2025-05-26,2024-10-26,bnpl
ACCT00001077,4771,TX,2026-02-26,2025-07-26,credit_card
ACCT00001078,3354,GA,2025-07-26,2024-10-26,fintech_personal_loan
ACCT00001079,5383,TX,2025-08-26,2024-11-26,credit_card
ACCT00001080,3450,NY,2025-05-26,2025-01-26,bnpl
ACCT00001081,5200,OH,2025-10-26,2025-08-26,fintech_personal_loan
ACCT00001082,5568,WA,2025-11-26,2024-12-26,fintech_personal_loan
ACCT00001083,3093,NY,2025-11-26,2025-06-26,fintech_personal_loan
ACCT00001084,7044,NY,2025-04-26,2025-01-26,bnpl
ACCT00001085,4632,NY,2025-04-26,2025-03-26,fintech_personal_loan
ACCT00001086,6799,NY,2025-08-26,2024-10-26,fintech_personal_loan
ACCT00001087,4914,NY,2025-06-26,2025-04-26,fintech_personal_loan
ACCT00001088,4739,TX,2025-12-26,2024-08-26,fintech_personal_loan
ACCT00001089,3903,NY,2026-01-26,2025-07-26,fintech_personal_loan
ACCT00001090,4243,TX,2025-07-26,2025-04-26,fintech_personal_loan
ACCT00001091,5131,NY,2025-06-26,2025-05-26,fintech_personal_loan
ACCT00001092,4276,MI,2025-11-26,2025-06-26,fintech_personal_loan
ACCT00001093,4768,TX,2025-10-26,2024-08-26,bnpl
ACCT00001094,5639,NY,2025-06-26,2025-03-26,bnpl
ACCT00001095,3533,TX,2025-03-26,2025-01-26,credit_card
ACCT00001096,4810,NY,2025-12-26,2025-07-26,bnpl
ACCT00001097,4890,NY,2025-02-26,2024-08-26,fintech_personal_loan
ACCT00001098,6510,TX,2026-01-26,2024-08-26,fintech_personal_loan
ACCT00001099,4348,TX,2025-05-26,2025-04-26,fintech_personal_loan
ACCT00001100,5009,NY,2025-04-26,2025-03-26,credit_card
ACCT00001101,5847,OH,2026-01-26,2024-12-26,bnpl
ACCT00001102,5684,NY,2026-02-26,2024-08-26,fintech_personal_loan
ACCT00001103,3497,TX,2025-05-26,2025-04-26,bnpl
ACCT00001104,5934,NY,2026-01-26,2025-08-26,fintech_personal_loan
ACCT00001105,4780,NY,2025-11-26,2025-02-26,credit_card
ACCT00001106,5517,VA,2025-02-26,2024-09-26,credit_card
ACCT00001107,6510,TX,2025-11-26,2025-05-26,fintech_personal_loan
ACCT00001108,5298,NY,2025-07-26,,credit_card
ACCT00001109,4218,TX,2026-02-26,2025-08-26,fintech_personal_loan
ACCT00001110,5500,NY,2025-06-26,2024-11-26,credit_card
ACCT00001111,4736,NY,2025-03-26,2025-02-26,fintech_personal_loan
ACCT00001112,527310,NY,2025-12-26,2025-01-26,credit_card
ACCT00001113,7309,GA,2026-01-26,2025-03-26,fintech_personal_loan
ACCT00001114,6274,TX,2025-11-26,2025-04-26,bnpl
ACCT00001115,5320,NY,2025-03-26,2025-02-26,fintech_personal_loan
ACCT00001116,4461,VA,2025-12-26,,credit_card
ACCT00001117,4617,NY,2025-07-26,2025-05-26,fintech_personal_loan
ACCT00001118,4430,TX,2025-02-26,2025-01-26,fintech_personal_loan
ACCT00001119,5300,NY,2025-06-26,2025-05-26,fintech_personal_loan
ACCT00001120,4333,TX,2025-10-26,2024-12-26,fintech_personal_loan
ACCT00001121,5445,TX,2025-06-26,2025-03-26,credit_card
ACCT00001122,5215,TX,2026-01-26,2024-11-26,credit_card
ACCT00001123,4325,NY,2025-07-26,2025-04-26,fintech_personal_loan
ACCT00001124,5202,NY,2025-03-26,2024-12-26,bnpl
ACCT00001125,4418,NY,2025-03-26,2024-11-26,credit_card
ACCT00001126,6325,NY,2026-01-26,2025-04-26,credit_card
ACCT00001127,6887,NY,2025-03-26,2024-10-26,unknown
ACCT00001128,506561,TX,2025-10-26,2025-01-26,fintech_personal_loan
ACCT00001129,6352,PA,2026-02-26,2024-12-26,fintech_personal_loan
ACCT00001130,4667,TX,2025-02-26,2024-11-26,fintech_personal_loan
ACCT00001131,5127,TX,2025-05-26,2024-11-26,fintech_personal_loan
ACCT00001132,547378,TX,2025-11-26,2024-10-26,credit_card
ACCT00001133,5799,NY,2025-05-26,2025-02-26,fintech_personal_loan
ACCT00001134,4843,TX,2025-09-26,2025-08-26,fintech_personal_loan
ACCT00001135,5824,PA,2025-04-26,2024-11-26,bnpl
ACCT00001136,3915,NY,2025-09-26,2025-06-26,credit_card
ACCT00001137,5565,NY,2025-04-26,2024-09-26,fintech_personal_loan
ACCT00001138,4624,NY,2025-02-26,2025-01-26,credit_card
ACCT00001139,5402,NY,2025-12-26,2025-01-26,credit_card
ACCT00001140,5695,TX,2025-08-26,2025-02-26,fintech_personal_loan
ACCT00001141,6413,MI,2025-07-26,2025-05-26,fintech_personal_loan
ACCT00001142,514916,NY,2025-09-26,2024-09-26,fintech_personal_loan
ACCT00001143,6350,FL,2025-12-26,2025-04-26,bnpl
ACCT00001144,4465,TX,2026-01-26,2025-06-26,fintech_personal_loan
ACCT00001145,5523,TX,2025-04-26,2024-12-26,fintech_personal_loan
ACCT00001146,6250,NY,2025-07-26,2025-06-26,bnpl
ACCT00001147,4772,CA,2025-10-26,2024-08-26,credit_card
ACCT00001148,6965,TX,2026-01-26,2025-08-26,bnpl
ACCT00001149,4823,NY,2025-09-26,2025-04-26,credit_card
ACCT00001150,4723,TX,2025-08-26,2025-03-26,fintech_personal_loan
ACCT00001151,4838,NY,2025-06-26,2024-10-26,credit_card
ACCT00001152,5221,MI,2026-01-26,2024-12-26,fintech_personal_loan
ACCT00001153,3531,NY,2025-05-26,2024-09-26,bnpl
ACCT00001154,4420,TX,2025-09-26,2024-10-26,credit_card
ACCT00001155,3106,PA,2025-12-26,2024-09-26,credit_card
ACCT00001156,4739,NY,2025-12-26,2025-08-26,fintech_personal_loan
ACCT00001157,6192,TX,2025-11-26,2024-11-26,fintech_personal_loan
ACCT00001158,4934,NY,2025-02-26,2024-11-26,fintech_personal_loan
ACCT00001159,4666,NC,2025-08-26,2025-03-26,credit_card
ACCT00001160,3707,TX,2025-02-26,2025-01-26,bnpl
ACCT00001161,5291,NY,2025-03-26,2025-01-26,fintech_personal_loan
ACCT00001162,6065,NY,2025-04-26,2025-03-26,fintech_personal_loan
ACCT00001163,5252,TX,2025-08-26,2024-09-26,fintech_personal_loan
ACCT00001164,5351,NY,2025-04-26,2024-12-26,fintech_personal_loan
ACCT00001165,6660,TX,2025-02-26,2025-01-26,credit_card
ACCT00001166,5448,TX,2025-06-26,2025-04-26,fintech_personal_loan
ACCT00001167,2468,TX,2025-10-26,2024-08-26,fintech_personal_loan
ACCT00001168,5129,GA,2025-08-26,2025-04-26,fintech_personal_loan
ACCT00001169,2851,TX,2025-05-26,2025-02-26,bnpl
ACCT00001170,4793,FL,2026-01-26,2025-07-26,fintech_personal_loan
ACCT00001171,4301,NY,2025-12-26,2025-05-26,credit_card
ACCT00001172,3555,CA,2025-09-26,2025-04-26,credit_card
ACCT00001173,4228,NY,2025-12-26,2024-08-26,fintech_personal_loan
ACCT00001174,523132,NY,2025-04-26,2025-01-26,fintech_personal_loan
ACCT00001175,4911,TX,2025-12-26,2024-12-26,fintech_personal_loan
ACCT00001176,4678,NY,2025-03-26,2024-12-26,fintech_personal_loan
ACCT00001177,5837,TX,2026-02-26,2025-02-26,credit_card
ACCT00001178,5647,TX,2025-11-26,2024-08-26,bnpl
ACCT00001179,5374,NY,2025-02-26,2025-01-26,bnpl
ACCT00001180,5246,TX,2026-01-26,2024-09-26,credit_card
ACCT00001181,4713,NY,2026-02-26,2024-12-26,fintech_personal_loan
ACCT00001182,4259,NY,2025-05-26,2024-09-26,fintech_personal_loan
ACCT00001183,6831,NY,2025-08-26,2024-09-26,fintech_personal_loan
ACCT00001184,5364,TX,2026-01-26,2024-09-26,fintech_personal_loan
ACCT00001185,4267,NY,2025-06-26,2024-09-26,fintech_personal_loan
ACCT00001186,6051,NY,2026-01-26,2025-01-26,credit_card
ACCT00001187,6417,OH,2025-11-26,2025-03-26,credit_card
ACCT00001188,5492,TX,2025-09-26,2025-03-26,credit_card
ACCT00001189,4793,NY,2025-11-26,2025-01-26,bnpl
ACCT00001190,4694,GA,2025-03-26,2024-12-26,fintech_personal_loan
ACCT00001191,451043,TX,2025-07-26,2024-08-26,bnpl
ACCT00001192,3919,NY,2025-10-26,,bnpl
ACCT00001193,5065,CA,2025-03-26,2024-10-26,fintech_personal_loan
ACCT00001194,4053,OH,2025-10-26,2024-10-26,credit_card
ACCT00001195,3608,NY,2025-06-26,2025-04-26,fintech_personal_loan
ACCT00001196,5626,NY,2025-04-26,2025-01-26,fintech_personal_loan
ACCT00001197,4649,TX,2025-11-26,2025-04-26,bnpl
ACCT00001198,6627,TX,2025-09-26,2024-09-26,fintech_personal_loan
ACCT00001199,4909,TX,2025-03-26,2024-12-26,credit_card
ACCT00001200,4964,TX,2025-02-26,2024-11-26,fintech_personal_loan
ACCT00001201,6450,TX,2026-01-26,2024-10-26,credit_card
ACCT00001202,3600,NC,2025-09-26,2025-05-26,fintech_personal_loan
ACCT00001203,5029,OH,2025-10-26,2024-09-26,credit_card
ACCT00001204,5302,TX,2025-07-26,2024-09-26,fintech_personal_loan
ACCT00001205,6409,NY,2025-02-26,2024-10-26,credit_card
ACCT00001206,5424,NY,2025-07-26,2025-04-26,credit_card
ACCT00001207,4850,TX,2025-10-26,2025-07-26,fintech_personal_loan
ACCT00001208,4558,TX,2025-12-26,2024-10-26,bnpl
ACCT00001209,6181,NY,2025-12-26,2025-06-26,bnpl
ACCT00001210,564882,GA,2025-11-26,2025-08-26,fintech_personal_loan
ACCT00001211,4874,TX,2025-08-26,2024-09-26,credit_card
ACCT00001212,5029,NY,2025-04-26,2025-02-26,fintech_personal_loan
ACCT00001213,3848,TX,2025-03-26,,fintech_personal_loan
ACCT00001214,4267,PA,2025-06-26,2025-05-26,fintech_personal_loan
ACCT00001215,5733,WA,2025-08-26,2024-10-26,credit_card
ACCT00001216,6514,TX,2025-06-26,2025-04-26,bnpl
ACCT00001217,4129,NY,2026-02-26,2025-02-26,credit_card
ACCT00001218,6440,NY,2025-10-26,2025-06-26,fintech_personal_loan
ACCT00001219,4742,NY,2025-05-26,2025-03-26,credit_card
ACCT00001220,4094,TX,2025-10-26,2025-05-26,bnpl
ACCT00001221,4118,TX,2025-04-26,2024-10-26,fintech_personal_loan
ACCT00001222,3958,TX,2025-02-26,2025-01-26,credit_card
ACCT00001223,7082,NY,2026-01-26,,fintech_personal_loan
ACCT00001224,4217,TX,2025-10-26,2025-06-26,credit_card
ACCT00001225,6527,NY,2025-12-26,2025-02-26,fintech_personal_loan
ACCT00001226,5102,NY,2025-11-26,2025-03-26,bnpl
ACCT00001227,6159,NY,2025-02-26,2024-12-26,bnpl
ACCT00001228,3077,CA,2025-09-26,2025-04-26,fintech_personal_loan
ACCT00001229,4639,NC,2025-10-26,2024-10-26,fintech_personal_loan
ACCT00001230,4503,NY,2025-06-26,2025-04-26,bnpl
ACCT00001231,5322,TX,2025-07-26,2024-12-26,credit_card
ACCT00001232,6743,NY,2025-04-26,2025-02-26,bnpl
ACCT00001233,5766,NY,2026-02-26,2024-09-26,fintech_personal_loan
ACCT00001234,6882,TX,2026-02-26,2024-12-26,fintech_personal_loan
ACCT00001235,4713,OH,2025-04-26,2024-09-26,fintech_personal_loan
ACCT00001236,4659,NY,2025-03-26,2025-02-26,credit_card
ACCT00001237,5515,TX,2025-05-26,2024-08-26,fintech_personal_loan
ACCT00001238,4934,PA,2025-12-26,2024-10-26,credit_card
ACCT00001239,5821,NY,2026-02-26,2024-08-26,credit_card
ACCT00001240,5883,TX,2025-08-26,2024-11-26,fintech_personal_loan
ACCT00001241,5226,NY,2025-08-26,2025-04-26,credit_card
ACCT00001242,497401,IL,2026-02-26,2024-09-26,fintech_personal_loan
ACCT00001243,6288,NY,2025-06-26,2024-10-26,credit_card
ACCT00001244,5247,NY,2025-10-26,2025-01-26,credit_card
ACCT00001245,5233,WA,2026-01-26,2025-05-26,fintech_personal_loan
ACCT00001246,4199,OH,2025-07-26,2025-05-26,credit_card
ACCT00001247,3182,TX,2026-01-26,2025-02-26,bnpl
ACCT00001248,5226,FL,2025-05-26,2025-02-26,bnpl
ACCT00001249,6099,NY,2025-12-26,2025-08-26,credit_card
ACCT00001250,5272,TX,2026-02-26,2025-01-26,fintech_personal_loan
ACCT00001251,4219,NY,2025-02-26,2024-09-26,fintech_personal_loan
ACCT00001252,2509,GA,2025-08-26,2024-08-26,fintech_personal_loan
ACCT00001253,5754,NY,2025-03-26,2024-12-26,fintech_personal_loan
ACCT00001254,5263,TX,2026-01-26,2024-09-26,fintech_personal_loan
ACCT00001255,5147,NY,2025-08-26,2024-11-26,fintech_personal_loan
ACCT00001256,6091,NY,2025-10-26,2024-08-26,credit_card
ACCT00001257,5540,NY,2025-09-26,2025-06-26,fintech_personal_loan
ACCT00001258,5670,NY,2025-07-26,2024-12-26,fintech_personal_loan
ACCT00001259,3752,NY,2025-04-26,2024-08-26,fintech_personal_loan
ACCT00001260,3247,NY,2025-07-26,2025-04-26,fintech_personal_loan
ACCT00001261,5135,TX,2025-09-26,2025-02-26,credit_card
ACCT00001262,5203,NY,2025-11-26,2025-05-26,bnpl
ACCT00001263,3909,NY,2025-07-26,,fintech_personal_loan
ACCT00001264,4948,NC,2025-03-26,2025-02-26,credit_card
ACCT00001265,6291,NY,2026-01-26,2025-08-26,fintech_personal_loan
ACCT00001266,7318,NY,2025-07-26,2024-10-26,fintech_personal_loan
ACCT00001267,5902,TX,2026-02-26,2024-11-26,credit_card
ACCT00001268,3906,NY,2025-07-26,2024-12-26,fintech_personal_loan
ACCT00001269,5769,NY,2025-08-26,2024-09-26,fintech_personal_loan
ACCT00001270,3248,NY,2025-03-26,2025-02-26,fintech_personal_loan
ACCT00001271,6457,TX,2025-11-26,2024-11-26,credit_card
ACCT00001272,4408,TX,2026-01-26,2024-08-26,fintech_personal_loan
ACCT00001273,4898,TX,2026-01-26,2025-01-26,unknown
ACCT00001274,5179,TX,2025-08-26,2024-11-26,credit_card
ACCT00001275,6018,NY,2025-05-26,2024-09-26,credit_card
ACCT00001276,4679,NY,2025-12-26,2025-03-26,credit_card
ACCT00001277,5080,NY,2025-02-26,2024-12-26,fintech_personal_loan
ACCT00001278,5827,TX,2026-02-26,2025-04-26,fintech_personal_loan
ACCT00001279,6043,NY,2025-03-26,2025-01-26,fintech_personal_loan
ACCT00001280,6156,NY,2026-02-26,2025-01-26,fintech_personal_loan
ACCT00001281,4385,TX,2025-06-26,2024-08-26,fintech_personal_loan
ACCT00001282,5224,OH,2025-06-26,2025-04-26,credit_card
ACCT00001283,5545,NY,2025-02-26,2024-12-26,bnpl
ACCT00001284,3448,NY,2025-10-26,2025-05-26,fintech_personal_loan
ACCT00001285,5054,TX,2025-05-26,2024-09-26,fintech_personal_loan
ACCT00001286,5698,NY,2025-03-26,2025-01-26,fintech_personal_loan
ACCT00001287,4657,NY,2025-05-26,2025-03-26,credit_card
ACCT00001288,6086,TX,2025-10-26,2024-10-26,bnpl
ACCT00001289,6080,TX,2026-02-26,2024-08-26,fintech_personal_loan
ACCT00001290,7118,NY,2025-09-26,2025-07-26,fintech_personal_loan
ACCT00001291,5820,NY,2025-09-26,2024-11-26,bnpl
ACCT00001292,5493,TX,2025-03-26,2024-12-26,fintech_personal_loan
ACCT00001293,7366,NY,2025-08-26,2025-05-26,fintech_personal_loan
ACCT00001294,6605,TX,2025-12-26,2025-05-26,fintech_personal_loan
ACCT00001295,5412,TX,2025-11-26,2025-06-26,fintech_personal_loan
ACCT00001296,5546,TX,2026-02-26,2025-07-26,bnpl
ACCT00001297,5109,NY,2026-01-26,2024-11-26,fintech_personal_loan
ACCT00001298,5734,NY,2025-10-26,2025-02-26,fintech_personal_loan
ACCT00001299,7123,NY,2025-07-26,2025-06-26,fintech_personal_loan
ACCT00001300,3593,FL,2025-07-26,2024-09-26,bnpl
ACCT00001301,4696,TX,2026-02-26,2025-06-26,bnpl
ACCT00001302,4046,NY,2025-11-26,2025-04-26,credit_card
ACCT00001303,4506,NY,2025-07-26,2024-10-26,credit_card
ACCT00001304,6044,NY,2025-12-26,2025-05-26,bnpl
ACCT00001305,7657,TX,2026-02-26,2025-04-26,fintech_personal_loan
ACCT00001306,5128,NC,2026-02-26,2024-10-26,credit_card
ACCT00001307,2843,TX,2025-02-26,2024-10-26,fintech_personal_loan
ACCT00001308,5011,WA,2026-01-26,2025-03-26,credit_card
ACCT00001309,4704,TX,2025-04-26,2024-10-26,bnpl
ACCT00001310,6639,NY,2025-02-26,2024-09-26,unknown
ACCT00001311,6647,CA,2025-03-26,2025-01-26,bnpl
ACCT00001312,5796,NY,2025-06-26,2024-10-26,fintech_personal_loan
ACCT00001313,5033,TX,2025-04-26,2025-01-26,fintech_personal_loan
ACCT00001314,4627,NY,2026-01-26,2025-07-26,fintech_personal_loan
ACCT00001315,6546,TX,2025-02-26,2024-11-26,bnpl
ACCT00001316,4834,MI,2025-12-26,2025-07-26,credit_card
ACCT00001317,6655,TX,2025-12-26,2025-03-26,credit_card
ACCT00001318,5423,NC,2025-08-26,2025-03-26,bnpl
ACCT00001319,7562,NY,2025-05-26,2025-02-26,fintech_personal_loan
ACCT00001320,4594,TX,2025-12-26,2025-08-26,credit_card
ACCT00001321,6616,TX,2025-06-26,2024-12-26,bnpl
ACCT00001322,5035,TX,2025-11-26,2025-01-26,fintech_personal_loan
ACCT00001323,6545,CA,2025-02-26,2024-12-26,fintech_personal_loan
ACCT00001324,5127,TX,2025-02-26,2024-11-26,bnpl
ACCT00001325,6649,NY,2025-05-26,2024-11-26,credit_card
ACCT00001326,4840,TX,2025-06-26,2024-09-26,fintech_personal_loan
ACCT00001327,6533,FL,2025-06-26,2024-09-26,fintech_personal_loan
ACCT00001328,5885,NY,2025-03-26,2024-12-26,fintech_personal_loan
ACCT00001329,5021,NY,2025-11-26,2025-06-26,credit_card
ACCT00001330,5381,TX,2025-08-26,2024-11-26,fintech_personal_loan
ACCT00001331,5142,NY,2025-10-26,2024-09-26,bnpl
ACCT00001332,6550,FL,2025-06-26,2024-11-26,fintech_personal_loan
ACCT00001333,4746,NY,2025-11-26,2024-10-26,fintech_personal_loan
ACCT00001334,3935,PA,2025-03-26,2024-10-26,credit_card
ACCT00001335,7363,TX,2025-02-26,2024-11-26,credit_card
ACCT00001336,6289,TX,2026-02-26,2024-10-26,fintech_personal_loan
ACCT00001337,5164,NY,2025-11-26,2024-08-26,credit_card
ACCT00001338,4402,TX,2025-07-26,2025-03-26,fintech_personal_loan
ACCT00001339,6228,NY,2025-04-26,2025-02-26,bnpl
ACCT00001340,6001,NY,2025-06-26,2024-11-26,fintech_personal_loan
ACCT00001341,4165,NY,2025-03-26,2024-12-26,credit_card
ACCT00001342,5989,TX,2025-08-26,2025-04-26,fintech_personal_loan
ACCT00001343,5564,NY,,2024-12-26,fintech_personal_loan
ACCT00001344,4491,NY,2025-12-26,2025-02-26,credit_card
ACCT00001345,4783,NY,2025-09-26,2024-10-26,credit_card
ACCT00001346,5333,VA,2026-02-26,2025-03-26,credit_card
ACCT00001347,6546,TX,2025-11-26,2025-07-26,credit_card
ACCT00001348,4395,TX,2025-12-26,2025-07-26,credit_card
ACCT00001349,486588,NY,2025-09-26,2025-01-26,credit_card
ACCT00001350,5895,TX,2025-05-26,2025-01-26,credit_card
ACCT00001351,3478,NC,2025-11-26,2025-03-26,bnpl
ACCT00001352,4503,TX,2025-12-26,2025-03-26,fintech_personal_loan
ACCT00001353,2021,NY,2025-09-26,2024-10-26,fintech_personal_loan
ACCT00001354,4689,NY,2025-08-26,2024-12-26,credit_card
ACCT00001355,4683,NY,2025-09-26,2024-08-26,fintech_personal_loan
ACCT00001356,4947,TX,2025-11-26,2025-08-26,fintech_personal_loan
ACCT00001357,4131,NY,2025-04-26,2025-02-26,fintech_personal_loan
ACCT00001358,4775,TX,2025-06-26,2024-11-26,credit_card
ACCT00001359,3950,NC,2025-07-26,2024-09-26,credit_card
ACCT00001360,5308,NY,2026-02-26,2025-05-26,credit_card
ACCT00001361,4939,FL,2025-02-26,2025-01-26,fintech_personal_loan
ACCT00001362,7700,TX,2025-08-26,2025-04-26,fintech_personal_loan
ACCT00001363,5995,TX,2025-12-26,2025-08-26,bnpl
ACCT00001364,5754,NY,2026-02-26,2025-03-26,fintech_personal_loan
ACCT00001365,4668,PA,2025-05-26,2025-02-26,bnpl
ACCT00001366,3945,NY,2025-07-26,2025-02-26,bnpl
ACCT00001367,4066,TX,2025-08-26,2024-12-26,fintech_personal_loan
ACCT00001368,6201,OH,2025-05-26,2024-10-26,fintech_personal_loan
ACCT00001369,3041,TX,2025-09-26,2025-07-26,credit_card
ACCT00001370,4076,TX,2025-08-26,2025-01-26,fintech_personal_loan
ACCT00001371,4671,OH,2025-06-26,2024-08-26,fintech_personal_loan
ACCT00001372,3160,TX,2025-12-26,2025-08-26,fintech_personal_loan
ACCT00001373,4674,PA,2025-10-26,2025-01-26,credit_card
ACCT00001374,4808,NY,2026-01-26,2025-05-26,fintech_personal_loan
ACCT00001375,5643,NY,2025-02-26,2024-11-26,bnpl
ACCT00001376,4155,TX,2026-01-26,2025-03-26,bnpl
ACCT00001377,4531,NY,2026-02-26,2024-11-26,fintech_personal_loan
ACCT00001378,5486,TX,2025-02-26,2025-01-26,fintech_personal_loan
ACCT00001379,6357,NY,2025-09-26,2024-12-26,bnpl
ACCT00001380,4021,CA,2025-11-26,2025-06-26,fintech_personal_loan
ACCT00001381,3769,NY,2025-08-26,2025-04-26,bnpl
ACCT00001382,6682,NY,2025-09-26,2024-09-26,bnpl
ACCT00001383,4655,TX,2025-09-26,2025-08-26,credit_card
ACCT00001384,6058,NY,2025-12-26,2025-01-26,credit_card
ACCT00001385,3707,NY,2025-02-26,2024-12-26,credit_card
ACCT00001386,3479,NY,2025-11-26,2024-08-26,unknown
ACCT00001387,4902,TX,2026-01-26,2025-05-26,bnpl
ACCT00001388,2974,NY,2025-04-26,2025-01-26,credit_card
ACCT00001389,6340,NY,2026-02-26,2025-07-26,credit_card
ACCT00001390,3529,NY,2025-11-26,2025-01-26,credit_card
ACCT00001391,3134,TX,2025-11-26,2025-08-26,fintech_personal_loan
ACCT00001392,4371,NY,2025-09-26,2024-11-26,credit_card
ACCT00001393,4133,NY,2026-01-26,2024-10-26,fintech_personal_loan
ACCT00001394,5723,TX,2025-05-26,2025-03-26,fintech_personal_loan
ACCT00001395,4035,TX,2025-09-26,2025-03-26,fintech_personal_loan
ACCT00001396,7377,NY,2025-11-26,2024-08-26,fintech_personal_loan
ACCT00001397,6318,NY,2025-11-26,2024-09-26,unknown
ACCT00001398,454897,TX,2026-01-26,2025-01-26,fintech_personal_loan
ACCT00001399,4457,TX,2025-10-26,2024-09-26,fintech_personal_loan
ACCT00001400,7320,NY,2025-08-26,2025-06-26,fintech_personal_loan
ACCT00001401,4727,NY,2026-01-26,2024-12-26,fintech_personal_loan
ACCT00001402,4340,NY,2025-03-26,2025-02-26,bnpl
ACCT00001403,6052,TX,2025-02-26,2025-01-26,credit_card
ACCT00001404,7213,TX,2025-07-26,2025-04-26,fintech_personal_loan
ACCT00001405,6120,NY,2025-12-26,2025-04-26,fintech_personal_loan
ACCT00001406,4241,NY,2025-04-26,2024-10-26,fintech_personal_loan
ACCT00001407,5306,TX,2025-09-26,2024-10-26,fintech_personal_loan
ACCT00001408,6038,NY,2025-03-26,2024-08-26,credit_card
ACCT00001409,3425,TX,2026-01-26,2025-02-26,fintech_personal_loan
ACCT00001410,2968,NY,2025-09-26,2025-04-26,credit_card
ACCT00001411,5276,NY,2026-01-26,2025-08-26,bnpl
ACCT00001412,6127,IL,2025-09-26,2025-08-26,credit_card
ACCT00001413,5836,IL,2025-06-26,2024-08-26,fintech_personal_loan
ACCT00001414,5723,NY,2026-02-26,2024-10-26,fintech_personal_loan
ACCT00001415,6160,OH,2025-04-26,2024-11-26,credit_card
ACCT00001416,4919,PA,2025-03-26,2024-08-26,fintech_personal_loan
ACCT00001417,6378,TX,2025-12-26,2024-11-26,fintech_personal_loan
ACCT00001418,4127,NY,2025-02-26,2024-12-26,credit_card
ACCT00001419,4727,TX,2025-10-26,2024-12-26,fintech_personal_loan
ACCT00001420,7037,TX,2025-04-26,2025-02-26,credit_card
ACCT00001421,4529,NY,2026-01-26,2025-01-26,fintech_personal_loan
ACCT00001422,6681,NY,2025-05-26,2025-04-26,fintech_personal_loan
ACCT00001423,4996,NY,2025-05-26,2024-08-26,fintech_personal_loan
ACCT00001424,3648,NY,2025-09-26,2025-06-26,bnpl
ACCT00001425,4104,TX,2026-02-26,2025-02-26,fintech_personal_loan
ACCT00001426,3225,TX,2025-03-26,2024-12-26,bnpl
ACCT00001427,563399,VA,2025-08-26,2025-06-26,fintech_personal_loan
ACCT00001428,5376,NY,2025-12-26,2025-06-26,fintech_personal_loan
ACCT00001429,5228,GA,2026-01-26,2025-08-26,credit_card
ACCT00001430,5856,PA,2025-06-26,2025-04-26,fintech_personal_loan
ACCT00001431,5512,NY,2025-11-26,2024-09-26,fintech_personal_loan
ACCT00001432,7054,NY,2025-06-26,2025-02-26,fintech_personal_loan
ACCT00001433,4538,NY,2025-07-26,2024-11-26,credit_card
ACCT00001434,3810,NY,2025-09-26,2025-07-26,fintech_personal_loan
ACCT00001435,5918,NY,2025-07-26,2025-05-26,fintech_personal_loan
ACCT00001436,4978,VA,2025-11-26,2025-07-26,bnpl
ACCT00001437,4741,NY,2025-11-26,2025-02-26,fintech_personal_loan
ACCT00001438,4770,TX,2026-02-26,2024-12-26,fintech_personal_loan
ACCT00001439,523675,TX,2025-02-26,2025-01-26,credit_card
ACCT00001440,3695,TX,2026-02-26,2024-09-26,fintech_personal_loan
ACCT00001441,5638,NY,2025-12-26,2025-05-26,fintech_personal_loan
ACCT00001442,6635,VA,2025-09-26,2025-04-26,fintech_personal_loan
ACCT00001443,4298,NY,2025-03-26,2024-08-26,bnpl
ACCT00001444,3467,GA,2025-12-26,,bnpl
ACCT00001445,3650,NY,2025-06-26,2024-11-26,bnpl
ACCT00001446,4544,NY,2025-09-26,2024-11-26,fintech_personal_loan
ACCT00001447,5188,NY,2025-08-26,2025-07-26,credit_card
ACCT00001448,4844,NY,2025-11-26,2025-01-26,fintech_personal_loan
ACCT00001449,5582,TX,2026-02-26,2024-09-26,fintech_personal_loan
ACCT00001450,6465,TX,2025-02-26,2024-12-26,fintech_personal_loan
ACCT00001451,6153,NY,2025-04-26,2024-09-26,fintech_personal_loan
ACCT00001452,6561,TX,2025-09-26,2024-09-26,fintech_personal_loan
ACCT00001453,3841,WA,2026-02-26,2025-01-26,fintech_personal_loan
ACCT00001454,2242,TX,2025-05-26,2025-04-26,credit_card
ACCT00001455,5381,NY,2026-02-26,2025-01-26,fintech_personal_loan
ACCT00001456,5006,NY,2026-02-26,2024-11-26,fintech_personal_loan
ACCT00001457,6426,GA,2025-05-26,2024-12-26,fintech_personal_loan
ACCT00001458,3142,TX,2026-01-26,2024-11-26,fintech_personal_loan
ACCT00001459,4156,OH,2025-03-26,2024-12-26,credit_card
ACCT00001460,5650,TX,2025-09-26,2025-01-26,fintech_personal_loan
ACCT00001461,4887,OH,2025-04-26,2024-11-26,fintech_personal_loan
ACCT00001462,5532,TX,2025-03-26,2025-01-26,credit_card
ACCT00001463,5352,TX,2025-10-26,2024-11-26,credit_card
ACCT00001464,6045,NY,2025-08-26,2025-03-26,fintech_personal_loan
ACCT00001465,3359,NY,2025-07-26,2025-02-26,fintech_personal_loan
ACCT00001466,5771,TX,2025-12-26,2024-09-26,bnpl
ACCT00001467,3480,NY,2025-04-26,,credit_card
ACCT00001468,3716,TX,2025-12-26,2025-03-26,fintech_personal_loan
ACCT00001469,3168,NY,2025-11-26,2025-07-26,credit_card
ACCT00001470,5996,NY,2025-02-26,2024-12-26,credit_card
ACCT00001471,493316,GA,2026-01-26,2025-08-26,bnpl
ACCT00001472,4051,TX,2026-01-26,2025-02-26,fintech_personal_loan
ACCT00001473,5506,NY,2025-08-26,2025-02-26,unknown
ACCT00001474,5415,TX,2025-06-26,2025-03-26,fintech_personal_loan
ACCT00001475,3621,TX,2025-02-26,2025-01-26,credit_card
ACCT00001476,7313,TX,2025-03-26,2025-02-26,credit_card
ACCT00001477,5322,TX,2025-04-26,2024-10-26,fintech_personal_loan
ACCT00001478,4078,TX,2026-01-26,2025-02-26,bnpl
ACCT00001479,4399,NY,2025-12-26,2024-11-26,fintech_personal_loan
ACCT00001480,5697,TX,2025-12-26,,fintech_personal_loan
ACCT00001481,6310,TX,2025-11-26,2024-12-26,fintech_personal_loan
ACCT00001482,3825,NY,2025-07-26,,fintech_personal_loan
ACCT00001483,6427,NY,2025-06-26,2025-05-26,credit_card
ACCT00001484,6130,NY,2025-08-26,2024-08-26,fintech_personal_loan
ACCT00001485,5320,NY,2025-11-26,2024-09-26,bnpl
ACCT00001486,7527,TX,2025-07-26,2024-08-26,bnpl
ACCT00001487,4903,NY,2025-08-26,2025-06-26,credit_card
ACCT00001488,5119,TX,2025-05-26,2025-03-26,fintech_personal_loan
ACCT00001489,5758,NY,2025-12-26,2025-07-26,fintech_personal_loan
ACCT00001490,4938,TX,2025-09-26,2025-04-26,fintech_personal_loan
ACCT00001491,4619,NY,2025-03-26,2025-01-26,fintech_personal_loan
ACCT00001492,5062,TX,2025-11-26,2025-07-26,credit_card
ACCT00001493,6375,MI,2026-02-26,2025-03-26,credit_card
ACCT00001494,4653,OH,2025-10-26,2024-08-26,bnpl
ACCT00001495,6292,NY,2025-10-26,2024-12-26,fintech_personal_loan
ACCT00001496,3626,TX,2025-04-26,2024-09-26,bnpl
ACCT00001497,6762,NY,2025-06-26,2024-11-26,bnpl
ACCT00001498,5546,TX,2025-02-26,2024-12-26,fintech_personal_loan
ACCT00001499,4610,NY,2025-02-26,2024-12-26,bnpl
ACCT00001500,6504,NY,2025-12-26,2024-09-26,fintech_personal_loan
ACCT00001501,4875,NY,2026-02-26,2024-08-26,fintech_personal_loan
ACCT00001502,5479,NY,2025-11-26,2024-12-26,fintech_personal_loan
ACCT00001503,3896,TX,2025-07-26,2025-03-26,fintech_personal_loan
ACCT00001504,3652,NY,2025-07-26,2024-09-26,credit_card
ACCT00001505,4389,TX,2025-08-26,2025-04-26,bnpl
ACCT00001506,3158,NY,2025-02-26,,fintech_personal_loan
ACCT00001507,5715,TX,2025-11-26,2025-04-26,fintech_personal_loan
ACCT00001508,5033,NY,2026-01-26,2024-10-26,fintech_personal_loan
ACCT00001509,5759,GA,2026-01-26,2024-11-26,fintech_personal_loan
ACCT00001510,5825,TX,2026-01-26,2025-02-26,credit_card
ACCT00001511,4638,TX,2025-02-26,2024-09-26,fintech_personal_loan
ACCT00001512,3144,NY,2025-05-26,2024-11-26,fintech_personal_loan
ACCT00001513,4085,OH,2025-04-26,2024-11-26,credit_card
ACCT00001514,472776,TX,2025-12-26,2025-02-26,fintech_personal_loan
ACCT00001515,4428,NY,2025-09-26,2025-04-26,credit_card
ACCT00001516,7509,TX,2025-11-26,2025-04-26,credit_card
ACCT00001517,4941,NY,2025-11-26,2024-11-26,fintech_personal_loan
ACCT00001518,6444,NY,2026-02-26,2025-04-26,credit_card
ACCT00001519,4031,NY,2025-06-26,2025-02-26,bnpl
ACCT00001520,3410,TX,2025-05-26,2025-02-26,credit_card
ACCT00001521,3798,NY,2026-01-26,2024-08-26,fintech_personal_loan
ACCT00001522,5739,TX,2025-07-26,2025-01-26,credit_card
ACCT00001523,5693,TX,2025-04-26,2024-12-26,credit_card
ACCT00001524,3502,TX,2026-01-26,2025-06-26,fintech_personal_loan
ACCT00001525,5840,NC,2025-10-26,2024-10-26,bnpl
ACCT00001526,4674,PA,2025-03-26,2024-12-26,fintech_personal_loan
ACCT00001527,5930,NY,2025-12-26,2024-10-26,credit_card
ACCT00001528,5904,NY,2026-02-26,2025-07-26,credit_card
ACCT00001529,5452,TX,2025-03-26,2025-01-26,fintech_personal_loan
ACCT00001530,5133,TX,2025-05-26,2024-11-26,fintech_personal_loan
ACCT00001531,3774,NY,2025-12-26,2025-08-26,unknown
ACCT00001532,2970,NY,2025-02-26,2024-09-26,fintech_personal_loan
ACCT00001533,6961,TX,2025-06-26,2025-02-26,credit_card
ACCT00001534,5647,NY,2025-12-26,2025-03-26,fintech_personal_loan
ACCT00001535,4372,NY,2025-09-26,2025-05-26,fintech_personal_loan
ACCT00001536,4227,TX,2026-01-26,2025-08-26,fintech_personal_loan
ACCT00001537,4228,TX,2025-10-26,2025-04-26,bnpl
ACCT00001538,5108,TX,2025-07-26,2025-05-26,fintech_personal_loan
ACCT00001539,5294,NY,2025-07-26,2024-10-26,credit_card
ACCT00001540,3931,TX,2026-02-26,2025-05-26,credit_card
ACCT00001541,5531,NY,2025-09-26,2025-07-26,fintech_personal_loan
ACCT00001542,4361,TX,2025-03-26,2025-02-26,fintech_personal_loan
ACCT00001543,5485,NY,2025-04-26,2025-02-26,fintech_personal_loan
ACCT00001544,3122,TX,2025-10-26,2025-06-26,unknown
ACCT00001545,4729,TX,2025-06-26,2025-04-26,fintech_personal_loan
ACCT00001546,549776,TX,2026-01-26,2024-11-26,fintech_personal_loan
ACCT00001547,6870,FL,2025-12-26,2025-03-26,bnpl
ACCT00001548,4467,TX,2026-01-26,2025-05-26,credit_card
ACCT00001549,5747,TX,2025-12-26,2025-02-26,fintech_personal_loan
ACCT00001550,6263,NY,2025-07-26,2025-06-26,fintech_personal_loan
ACCT00001551,5254,TX,2026-01-26,2024-11-26,bnpl
ACCT00001552,3045,NY,2025-07-26,2024-12-26,fintech_personal_loan
ACCT00001553,5432,TX,2025-05-26,2024-10-26,bnpl
ACCT00001554,4580,NY,2025-11-26,2025-04-26,credit_card
ACCT00001555,5562,TX,2025-07-26,2025-05-26,fintech_personal_loan
ACCT00001556,4366,MI,2026-01-26,2025-07-26,bnpl
ACCT00001557,5181,TX,2025-12-26,2025-03-26,credit_card
ACCT00001558,5590,GA,2025-08-26,2025-07-26,credit_card
ACCT00001559,6624,NY,2025-11-26,2025-06-26,credit_card
ACCT00001560,4905,NY,2025-10-26,2025-03-26,credit_card
ACCT00001561,3261,NY,2026-02-26,2025-05-26,fintech_personal_loan
ACCT00001562,3160,NY,2025-04-26,2024-11-26,bnpl
ACCT00001563,4455,TX,2025-10-26,2025-08-26,bnpl
ACCT00001564,498090,TX,2026-01-26,2024-10-26,credit_card
ACCT00001565,6017,IL,2025-11-26,2024-09-26,fintech_personal_loan
ACCT00001566,5134,NY,2025-10-26,2025-08-26,bnpl
ACCT00001567,4340,TX,2025-08-26,2025-05-26,credit_card
ACCT00001568,6404,TX,2025-11-26,2025-05-26,fintech_personal_loan
ACCT00001569,5371,TX,2026-01-26,2025-03-26,fintech_personal_loan
ACCT00001570,6998,OH,2025-06-26,2024-08-26,fintech_personal_loan
ACCT00001571,4229,WA,2025-08-26,2025-06-26,bnpl
ACCT00001572,6242,TX,2025-02-26,2024-09-26,fintech_personal_loan
ACCT00001573,5970,TX,2025-10-26,2025-03-26,credit_card
ACCT00001574,5696,PA,2025-05-26,2024-10-26,credit_card
ACCT00001575,5275,NY,2026-01-26,2025-01-26,bnpl
ACCT00001576,4483,GA,2025-08-26,2025-03-26,fintech_personal_loan
ACCT00001577,6665,NY,2025-07-26,2024-09-26,fintech_personal_loan
ACCT00001578,4278,GA,2025-11-26,2024-12-26,bnpl
ACCT00001579,5031,TX,2025-03-26,2025-01-26,credit_card
ACCT00001580,4556,TX,2026-02-26,2025-07-26,credit_card
ACCT00001581,6337,TX,2025-08-26,2025-05-26,bnpl
ACCT00001582,4293,TX,2026-02-26,2024-11-26,bnpl
ACCT00001583,4611,TX,2025-03-26,2024-12-26,bnpl
ACCT00001584,469051,NY,2025-09-26,2025-04-26,credit_card
ACCT00001585,5334,TX,2025-03-26,2024-09-26,fintech_personal_loan
ACCT00001586,5583,NY,2025-03-26,2024-09-26,credit_card
ACCT00001587,5695,TX,2025-10-26,2025-06-26,credit_card
ACCT00001588,3917,TX,2025-04-26,2025-02-26,fintech_personal_loan
ACCT00001589,5719,TX,2025-10-26,2025-08-26,fintech_personal_loan
ACCT00001590,5548,NY,2025-11-26,2024-09-26,fintech_personal_loan
ACCT00001591,5478,TX,2025-06-26,2025-04-26,credit_card
ACCT00001592,6165,TX,2025-06-26,2025-05-26,credit_card
ACCT00001593,7112,MI,2026-01-26,2025-03-26,bnpl
ACCT00001594,4781,TX,2025-07-26,2024-11-26,credit_card
ACCT00001595,2912,NY,2025-11-26,2025-03-26,bnpl
ACCT00001596,5907,NY,2025-03-26,2024-12-26,credit_card
ACCT00001597,3748,GA,2025-08-26,2025-05-26,credit_card
ACCT00001598,5474,TX,2025-09-26,2024-09-26,credit_card
ACCT00001599,4001,TX,2025-07-26,2025-01-26,fintech_personal_loan
ACCT00001600,5505,TX,2025-05-26,2025-02-26,fintech_personal_loan
ACCT00001601,4955,OH,2025-07-26,2024-12-26,fintech_personal_loan
ACCT00001602,4390,NY,2025-05-26,2025-01-26,bnpl
ACCT00001603,4965,NY,2026-01-26,2025-04-26,fintech_personal_loan
ACCT00001604,6223,NY,2025-06-26,2024-09-26,fintech_personal_loan
ACCT00001605,4555,TX,2025-06-26,2025-04-26,credit_card
ACCT00001606,4284,TX,2025-02-26,2025-01-26,fintech_personal_loan
ACCT00001607,5518,TX,2025-04-26,2024-10-26,fintech_personal_loan
ACCT00001608,4666,NY,2025-04-26,2025-01-26,bnpl
ACCT00001609,5622,NY,2025-10-26,2025-03-26,fintech_personal_loan
ACCT00001610,5516,NY,2025-08-26,2025-06-26,credit_card
ACCT00001611,4574,WA,2026-01-26,2025-03-26,fintech_personal_loan
ACCT00001612,3864,NY,2025-08-26,2025-03-26,bnpl
ACCT00001613,4892,NY,2025-10-26,2025-02-26,fintech_personal_loan
ACCT00001614,6275,TX,2025-06-26,2024-12-26,credit_card
ACCT00001615,6180,TX,2025-05-26,2025-01-26,fintech_personal_loan
ACCT00001616,4216,NY,2026-02-26,2025-06-26,credit_card
ACCT00001617,5277,NY,2025-10-26,2025-07-26,fintech_personal_loan
ACCT00001618,4371,TX,2025-05-26,2025-04-26,fintech_personal_loan
ACCT00001619,6116,CA,2025-11-26,2025-01-26,credit_card
ACCT00001620,4519,NY,2026-01-26,2025-07-26,bnpl
ACCT00001621,6247,TX,2025-07-26,2025-02-26,fintech_personal_loan
ACCT00001622,4785,NY,2025-08-26,2024-08-26,credit_card
ACCT00001623,4344,NY,2025-12-26,2025-03-26,fintech_personal_loan
ACCT00001624,562756,NY,2025-06-26,,credit_card
ACCT00001625,4999,NY,2025-05-26,2024-09-26,credit_card
ACCT00001626,3272,NY,2025-05-26,2025-03-26,bnpl
ACCT00001627,3956,TX,2025-09-26,2025-08-26,fintech_personal_loan
ACCT00001628,4453,TX,2025-10-26,2025-07-26,fintech_personal_loan
ACCT00001629,4513,TX,2025-10-26,2024-10-26,credit_card
ACCT00001630,4989,NY,2025-03-26,2024-12-26,fintech_personal_loan
ACCT00001631,4126,TX,2026-01-26,2025-07-26,fintech_personal_loan
ACCT00001632,6150,TX,2026-02-26,2024-08-26,fintech_personal_loan
ACCT00001633,5013,NY,2025-07-26,2024-08-26,credit_card
ACCT00001634,5093,TX,2025-03-26,2024-08-26,fintech_personal_loan
ACCT00001635,3985,TX,2025-06-26,2025-05-26,fintech_personal_loan
ACCT00001636,4664,TX,2025-02-26,2024-12-26,bnpl
ACCT00001637,4489,NY,2025-08-26,2025-05-26,fintech_personal_loan
ACCT00001638,5020,VA,2025-10-26,2025-05-26,fintech_personal_loan
ACCT00001639,4808,NY,2025-07-26,2025-02-26,fintech_personal_loan
ACCT00001640,6668,NC,2025-11-26,2025-02-26,bnpl
ACCT00001641,4456,NY,2025-12-26,2024-12-26,credit_card
ACCT00001642,4700,WA,2025-03-26,2025-02-26,fintech_personal_loan
ACCT00001643,4228,TX,2025-09-26,2025-05-26,credit_card
ACCT00001644,7408,TX,2026-02-26,2025-07-26,fintech_personal_loan
ACCT00001645,6066,NY,2025-07-26,2025-04-26,fintech_personal_loan
ACCT00001646,5714,NY,2025-09-26,2025-02-26,credit_card
ACCT00001647,4050,NY,2025-03-26,2025-01-26,fintech_personal_loan
ACCT00001648,4445,NY,2025-05-26,2024-11-26,fintech_personal_loan
ACCT00001649,5200,TX,2025-02-26,2025-01-26,fintech_personal_loan
ACCT00001650,4953,OH,2025-12-26,2024-12-26,credit_card
ACCT00001651,3188,TX,2025-11-26,2025-04-26,bnpl
ACCT00001652,5089,TX,2025-04-26,2024-09-26,credit_card
ACCT00001653,5823,VA,2025-05-26,2025-01-26,fintech_personal_loan
ACCT00001654,6578,TX,2025-04-26,2025-03-26,fintech_personal_loan
ACCT00001655,4719,NY,2025-11-26,2025-06-26,fintech_personal_loan
ACCT00001656,5726,NY,2025-08-26,2024-11-26,fintech_personal_loan
ACCT00001657,3342,NY,2025-02-26,2025-01-26,fintech_personal_loan
ACCT00001658,5573,TX,2025-08-26,2024-11-26,fintech_personal_loan
ACCT00001659,5786,NY,2025-09-26,2025-03-26,credit_card
ACCT00001660,5166,TX,2025-08-26,2024-11-26,credit_card
ACCT00001661,4564,TX,2026-02-26,2025-07-26,fintech_personal_loan
ACCT00001662,1973,NY,2025-08-26,2024-08-26,bnpl
ACCT00001663,5482,TX,2025-08-26,2025-07-26,fintech_personal_loan
ACCT00001664,4298,TX,2025-02-26,2024-09-26,bnpl
ACCT00001665,3903,NY,2025-08-26,2025-07-26,bnpl
ACCT00001666,4200,NY,2025-11-26,2024-12-26,fintech_personal_loan
ACCT00001667,4732,NY,2025-12-26,2025-04-26,bnpl
ACCT00001668,4834,NY,2026-02-26,2024-11-26,bnpl
ACCT00001669,4184,TX,2025-04-26,2024-08-26,credit_card
ACCT00001670,4532,NY,2025-11-26,2024-12-26,fintech_personal_loan
ACCT00001671,4931,NY,2025-03-26,2025-01-26,credit_card
ACCT00001672,3490,TX,2025-10-26,2025-03-26,fintech_personal_loan
ACCT00001673,5023,PA,2026-01-26,,fintech_personal_loan
ACCT00001674,2877,TX,2026-02-26,2025-04-26,fintech_personal_loan
ACCT00001675,5155,TX,2025-09-26,2025-01-26,credit_card
ACCT00001676,5024,PA,2025-03-26,2024-09-26,fintech_personal_loan
ACCT00001677,5574,NY,2025-02-26,2024-11-26,fintech_personal_loan
ACCT00001678,3213,TX,2025-04-26,2024-08-26,fintech_personal_loan
ACCT00001679,7025,TX,2026-02-26,2025-08-26,credit_card
ACCT00001680,4579,TX,2025-12-26,2024-08-26,credit_card
ACCT00001681,5951,NY,2026-02-26,2024-09-26,fintech_personal_loan
ACCT00001682,6167,TX,2025-06-26,2024-08-26,fintech_personal_loan
ACCT00001683,6139,TX,2025-10-26,2025-01-26,credit_card
ACCT00001684,5315,OH,2025-05-26,2025-02-26,bnpl
ACCT00001685,4098,WA,2026-02-26,2025-02-26,fintech_personal_loan
ACCT00001686,3637,NY,2025-09-26,2025-01-26,bnpl
ACCT00001687,5356,NY,2025-09-26,2025-02-26,credit_card
ACCT00001688,3685,NY,2026-01-26,2024-10-26,credit_card
ACCT00001689,516506,NY,2026-02-26,2025-05-26,bnpl
ACCT00001690,4662,NY,2025-06-26,2024-11-26,bnpl
ACCT00001691,6753,TX,2025-12-26,2025-08-26,credit_card
ACCT00001692,4359,NY,2025-03-26,2025-01-26,fintech_personal_loan
ACCT00001693,5344,NY,2026-01-26,2024-09-26,credit_card
ACCT00001694,3697,WA,2025-05-26,2025-04-26,fintech_personal_loan
ACCT00001695,3286,NY,2025-07-26,2025-03-26,bnpl
ACCT00001696,4576,NY,2025-11-26,2025-01-26,credit_card
ACCT00001697,5989,WA,2026-02-26,2025-02-26,credit_card
ACCT00001698,4183,NY,2025-05-26,2025-04-26,fintech_personal_loan
ACCT00001699,4568,NY,2025-06-26,2025-04-26,fintech_personal_loan
ACCT00001700,4369,NY,2025-05-26,2025-03-26,fintech_personal_loan
ACCT00001701,5941,NY,2026-01-26,2025-01-26,credit_card
ACCT00001702,5524,NY,2025-06-26,2024-08-26,bnpl
ACCT00001703,3918,TX,2025-02-26,2025-01-26,fintech_personal_loan
ACCT00001704,4382,TX,2025-08-26,2025-02-26,credit_card
ACCT00001705,4933,TX,2025-08-26,2025-07-26,fintech_personal_loan
ACCT00001706,7421,IL,2025-10-26,2024-10-26,fintech_personal_loan
ACCT00001707,4889,NY,2025-09-26,2025-06-26,fintech_personal_loan
ACCT00001708,3414,NY,2025-08-26,2025-07-26,fintech_personal_loan
ACCT00001709,4744,NY,2025-02-26,2024-11-26,fintech_personal_loan
ACCT00001710,5896,NY,2025-07-26,2025-06-26,bnpl
ACCT00001711,4987,NC,2025-10-26,2025-04-26,bnpl
ACCT00001712,4031,TX,2025-09-26,2025-01-26,fintech_personal_loan
ACCT00001713,4613,NY,2025-04-26,2024-08-26,unknown
ACCT00001714,5060,NY,2025-05-26,2025-03-26,credit_card
ACCT00001715,6068,TX,2025-03-26,2024-12-26,fintech_personal_loan
ACCT00001716,6662,TX,2026-02-26,2025-06-26,credit_card
ACCT00001717,474460,NY,2025-03-26,2025-01-26,bnpl
ACCT00001718,4649,NY,2025-04-26,2025-03-26,fintech_personal_loan
ACCT00001719,6485,NY,2025-07-26,2025-05-26,credit_card
ACCT00001720,6807,TX,2025-11-26,2025-02-26,fintech_personal_loan
ACCT00001721,4146,TX,2025-04-26,2024-11-26,credit_card
ACCT00001722,4857,TX,2025-10-26,2024-12-26,credit_card
ACCT00001723,4479,NY,2025-08-26,2025-03-26,credit_card
ACCT00001724,4592,NY,2025-04-26,2025-01-26,fintech_personal_loan
ACCT00001725,6077,NY,2025-11-26,2024-08-26,credit_card
ACCT00001726,3728,NY,2025-02-26,2025-01-26,fintech_personal_loan
ACCT00001727,4592,TX,2025-05-26,2025-02-26,fintech_personal_loan
ACCT00001728,5364,NY,2026-01-26,2025-03-26,credit_card
ACCT00001729,2321,NY,2026-01-26,2024-10-26,fintech_personal_loan
ACCT00001730,3927,CA,2026-01-26,2024-12-26,fintech_personal_loan
ACCT00001731,3475,NY,2025-06-26,2025-02-26,fintech_personal_loan
ACCT00001732,5078,TX,2025-08-26,2024-11-26,fintech_personal_loan
ACCT00001733,4416,TX,2025-10-26,2025-01-26,credit_card
ACCT00001734,7592,TX,2025-06-26,2024-11-26,fintech_personal_loan
ACCT00001735,4699,TX,2025-04-26,2025-01-26,fintech_personal_loan
ACCT00001736,4504,TX,2025-03-26,2025-02-26,fintech_personal_loan
ACCT00001737,4707,NY,2025-02-26,,credit_card
ACCT00001738,6136,PA,2025-05-26,2025-02-26,fintech_personal_loan
ACCT00001739,6008,NY,2025-09-26,2024-08-26,bnpl
ACCT00001740,3966,NY,2025-11-26,2025-06-26,fintech_personal_loan
ACCT00001741,3135,NY,2025-05-26,2024-12-26,fintech_personal_loan
ACCT00001742,6115,NY,2025-06-26,2025-05-26,credit_card
ACCT00001743,4095,VA,2025-10-26,2025-08-26,credit_card
ACCT00001744,6125,NY,2025-09-26,2024-09-26,credit_card
ACCT00001745,5818,VA,2025-05-26,2025-04-26,fintech_personal_loan
ACCT00001746,6343,TX,2025-06-26,2024-09-26,fintech_personal_loan
ACCT00001747,4599,TX,2025-06-26,2024-12-26,fintech_personal_loan
ACCT00001748,5661,NY,2025-11-26,2024-09-26,fintech_personal_loan
ACCT00001749,4945,FL,2025-11-26,2024-08-26,credit_card
ACCT00001750,3696,TX,2025-12-26,2024-11-26,credit_card
ACCT00001751,3151,TX,2025-02-26,2025-01-26,credit_card
ACCT00001752,4545,TX,2025-12-26,2025-03-26,fintech_personal_loan
ACCT00001753,5536,TX,2026-02-26,2025-02-26,fintech_personal_loan
ACCT00001754,6247,NY,2025-11-26,2025-03-26,bnpl
ACCT00001755,4102,FL,2025-04-26,2025-02-26,credit_card
ACCT00001756,6418,NY,2025-03-26,2024-12-26,fintech_personal_loan
ACCT00001757,6040,FL,2025-10-26,2025-03-26,bnpl
ACCT00001758,5937,NC,2025-07-26,2025-01-26,bnpl
ACCT00001759,2612,TX,2025-03-26,2024-12-26,credit_card
ACCT00001760,4397,OH,2025-10-26,2024-12-26,credit_card
ACCT00001761,5444,NY,2025-12-26,2025-02-26,fintech_personal_loan
ACCT00001762,4847,TX,2025-04-26,2024-10-26,fintech_personal_loan
ACCT00001763,5663,GA,2025-05-26,2025-02-26,fintech_personal_loan
ACCT00001764,4495,GA,2025-09-26,2024-09-26,fintech_personal_loan
ACCT00001765,5350,PA,2025-07-26,2025-02-26,fintech_personal_loan
ACCT00001766,4963,NY,2025-08-26,2024-11-26,fintech_personal_loan
ACCT00001767,501105,TX,2025-07-26,2024-11-26,fintech_personal_loan
ACCT00001768,4043,NY,2025-12-26,2025-02-26,credit_card
ACCT00001769,4751,WA,2025-06-26,2025-03-26,credit_card
ACCT00001770,5975,NY,2025-09-26,2025-08-26,bnpl
ACCT00001771,4783,NY,2025-07-26,2024-08-26,credit_card
ACCT00001772,5087,NY,2025-02-26,2024-12-26,bnpl
ACCT00001773,5235,NY,2025-04-26,2025-03-26,fintech_personal_loan
ACCT00001774,5611,NY,2025-04-26,2024-12-26,credit_card
ACCT00001775,5606,NY,2025-11-26,2024-10-26,fintech_personal_loan
ACCT00001776,5354,TX,2025-11-26,2024-10-26,fintech_personal_loan
ACCT00001777,4523,TX,2025-11-26,2024-10-26,credit_card
ACCT00001778,5382,TX,2025-09-26,2025-02-26,fintech_personal_loan
ACCT00001779,4187,NY,2025-09-26,2025-04-26,fintech_personal_loan
ACCT00001780,4752,TX,2025-08-26,2024-08-26,bnpl
ACCT00001781,5197,CA,2025-05-26,2024-11-26,bnpl
ACCT00001782,4427,NY,2025-02-26,2024-09-26,fintech_personal_loan
ACCT00001783,4440,NY,2025-09-26,2024-10-26,fintech_personal_loan
ACCT00001784,5881,NY,2025-06-26,2025-03-26,credit_card
ACCT00001785,5018,MI,2025-03-26,2024-10-26,bnpl
ACCT00001786,4820,VA,2025-03-26,2024-11-26,credit_card
ACCT00001787,3882,OH,2025-03-26,2024-12-26,bnpl
ACCT00001788,4424,NY,2025-09-26,2025-01-26,fintech_personal_loan
ACCT00001789,4263,TX,2025-12-26,2024-11-26,fintech_personal_loan
ACCT00001790,5157,NY,2026-02-26,2025-05-26,credit_card
ACCT00001791,3669,NY,2025-08-26,2025-06-26,bnpl
ACCT00001792,3741,CA,2025-11-26,2024-12-26,bnpl
ACCT00001793,4692,NC,2026-02-26,2025-08-26,fintech_personal_loan
ACCT00001794,4780,NY,2026-02-26,2025-01-26,bnpl
ACCT00001795,4063,NY,2025-11-26,2025-02-26,fintech_personal_loan
ACCT00001796,5719,NY,2025-05-26,2025-03-26,fintech_personal_loan
ACCT00001797,2507,CA,2025-03-26,2024-09-26,fintech_personal_loan
ACCT00001798,5084,NY,2025-05-26,2024-08-26,credit_card
ACCT00001799,4213,TX,2025-02-26,2024-12-26,fintech_personal_loan
ACCT00001800,5252,NY,2026-02-26,2025-01-26,fintech_personal_loan
ACCT00001801,3493,IL,2025-08-26,2025-05-26,credit_card
ACCT00001802,3923,NY,2026-01-26,2024-11-26,credit_card
ACCT00001803,5440,TX,2025-05-26,2024-11-26,credit_card
ACCT00001804,6489,TX,2025-12-26,2024-10-26,fintech_personal_loan
ACCT00001805,2914,NY,2025-09-26,2025-03-26,fintech_personal_loan
ACCT00001806,4651,TX,2025-10-26,2024-11-26,credit_card
ACCT00001807,3668,VA,2025-12-26,2025-04-26,fintech_personal_loan
ACCT00001808,4706,TX,2025-09-26,2025-05-26,fintech_personal_loan
ACCT00001809,4136,PA,2025-05-26,2024-11-26,credit_card
ACCT00001810,4273,TX,2025-03-26,2025-01-26,fintech_personal_loan
ACCT00001811,6273,TX,2026-02-26,2025-06-26,credit_card
ACCT00001812,6464,OH,2026-02-26,2024-08-26,fintech_personal_loan
ACCT00001813,5003,NY,2025-09-26,2025-04-26,bnpl
ACCT00001814,6295,TX,2025-08-26,2024-09-26,fintech_personal_loan
ACCT00001815,3564,IL,2025-06-26,2025-04-26,fintech_personal_loan
ACCT00001816,3906,TX,2025-12-26,2025-08-26,credit_card
ACCT00001817,6582,NY,2025-11-26,2025-03-26,fintech_personal_loan
ACCT00001818,4034,MI,2026-02-26,2024-11-26,credit_card
ACCT00001819,5055,NY,2025-05-26,2024-12-26,fintech_personal_loan
ACCT00001820,4691,TX,2025-08-26,2024-09-26,fintech_personal_loan
ACCT00001821,4480,MI,2025-07-26,2025-02-26,fintech_personal_loan
ACCT00001822,4361,WA,2025-06-26,2025-04-26,fintech_personal_loan
ACCT00001823,4706,NY,2025-08-26,2024-11-26,bnpl
ACCT00001824,5086,NY,2025-11-26,,credit_card
ACCT00001825,6531,NY,2025-07-26,2025-03-26,credit_card
ACCT00001826,3529,TX,2025-02-26,2024-11-26,fintech_personal_loan
ACCT00001827,5207,NY,2025-06-26,2025-03-26,credit_card
ACCT00001828,5933,TX,2025-06-26,2025-02-26,bnpl
ACCT00001829,506553,NY,2025-11-26,2024-09-26,credit_card
ACCT00001830,5768,TX,2025-11-26,2025-05-26,credit_card
ACCT00001831,2110,TX,2025-09-26,2025-06-26,credit_card
ACCT00001832,4483,NY,2025-05-26,2024-09-26,fintech_personal_loan
ACCT00001833,4444,NY,2025-03-26,2025-02-26,fintech_personal_loan
ACCT00001834,2804,NY,,2025-02-26,credit_card
ACCT00001835,5206,NY,2025-12-26,2025-07-26,credit_card
ACCT00001836,4410,NY,2025-03-26,2025-01-26,credit_card
ACCT00001837,4452,NY,2025-05-26,2024-11-26,credit_card
ACCT00001838,4609,NY,2025-08-26,2024-12-26,fintech_personal_loan
ACCT00001839,1856,OH,2025-09-26,2025-02-26,fintech_personal_loan
ACCT00001840,5351,FL,2025-12-26,2025-02-26,fintech_personal_loan
ACCT00001841,3771,NY,2025-05-26,2024-12-26,credit_card
ACCT00001842,4286,TX,2025-09-26,2025-03-26,credit_card
ACCT00001843,4240,FL,2025-06-26,2024-10-26,fintech_personal_loan
ACCT00001844,589000,NY,2025-06-26,2025-05-26,credit_card
ACCT00001845,5612,TX,2025-07-26,2025-02-26,fintech_personal_loan
ACCT00001846,6043,TX,2025-11-26,2025-01-26,credit_card
ACCT00001847,4164,TX,2025-07-26,2025-01-26,fintech_personal_loan
ACCT00001848,7082,NY,2026-01-26,2024-10-26,fintech_personal_loan
ACCT00001849,4881,CA,2026-01-26,2024-09-26,credit_card
ACCT00001850,5366,NY,2025-10-26,2025-03-26,fintech_personal_loan
ACCT00001851,5377,TX,2025-04-26,2024-08-26,bnpl
ACCT00001852,4687,NC,2025-10-26,2025-05-26,fintech_personal_loan
ACCT00001853,3574,NY,2025-09-26,2025-01-26,fintech_personal_loan
ACCT00001854,4766,TX,2025-10-26,2024-12-26,bnpl
ACCT00001855,4179,MI,2025-06-26,2024-10-26,bnpl
ACCT00001856,3911,NY,2025-12-26,2025-04-26,fintech_personal_loan
ACCT00001857,3882,NY,2025-04-26,2024-08-26,fintech_personal_loan
ACCT00001858,4778,TX,2025-02-26,2025-01-26,fintech_personal_loan
ACCT00001859,5682,TX,2025-02-26,2025-01-26,unknown
ACCT00001860,3828,TX,2025-12-26,2024-12-26,bnpl
ACCT00001861,5048,NY,2025-02-26,2024-12-26,fintech_personal_loan
ACCT00001862,4825,TX,2025-12-26,2025-08-26,fintech_personal_loan
ACCT00001863,7329,TX,2026-02-26,2025-05-26,fintech_personal_loan
ACCT00001864,5892,PA,2025-06-26,2024-10-26,credit_card
ACCT00001865,3894,NY,2025-09-26,2024-11-26,credit_card
ACCT00001866,5459,TX,2025-10-26,2024-12-26,fintech_personal_loan
ACCT00001867,5832,TX,2025-03-26,2025-02-26,fintech_personal_loan
ACCT00001868,4646,NY,2025-11-26,2025-06-26,fintech_personal_loan
ACCT00001869,5100,FL,2025-02-26,2024-11-26,credit_card
ACCT00001870,4819,NY,2026-01-26,2024-12-26,fintech_personal_loan
ACCT00001871,2880,NY,2025-05-26,2024-09-26,fintech_personal_loan
ACCT00001872,4593,TX,2025-08-26,2024-11-26,bnpl
ACCT00001873,5435,PA,2025-10-26,2025-04-26,credit_card
ACCT00001874,5967,IL,2025-11-26,2025-08-26,fintech_personal_loan
ACCT00001875,3172,TX,2026-01-26,2024-10-26,credit_card
ACCT00001876,3692,NY,2025-06-26,2025-02-26,fintech_personal_loan
ACCT00001877,4930,VA,2026-02-26,2025-04-26,credit_card
ACCT00001878,5613,GA,2025-03-26,2025-02-26,bnpl
ACCT00001879,3823,TX,2026-01-26,2024-11-26,credit_card
ACCT00001880,3182,NY,2025-12-26,2024-12-26,fintech_personal_loan
ACCT00001881,7052,NY,2025-11-26,2025-01-26,credit_card
ACCT00001882,4350,TX,2025-11-26,2025-06-26,credit_card
ACCT00001883,4467,NY,2026-01-26,2024-08-26,fintech_personal_loan
ACCT00001884,555769,TX,2025-02-26,2024-08-26,credit_card
ACCT00001885,4540,NY,2025-07-26,2024-10-26,fintech_personal_loan
ACCT00001886,2863,TX,2025-09-26,2025-05-26,credit_card
ACCT00001887,6284,NY,2025-04-26,2025-02-26,bnpl
ACCT00001888,4260,NY,2025-06-26,2024-12-26,fintech_personal_loan
ACCT00001889,5658,TX,2026-01-26,2024-10-26,credit_card
ACCT00001890,4199,TX,2025-10-26,2025-05-26,fintech_personal_loan
ACCT00001891,3719,MI,2025-12-26,2024-08-26,credit_card
ACCT00001892,4619,NY,2025-02-26,2024-09-26,bnpl
ACCT00001893,3908,FL,2025-05-26,2025-03-26,fintech_personal_loan
ACCT00001894,5435,FL,2025-05-26,2025-01-26,credit_card
ACCT00001895,5486,NY,2025-08-26,2025-03-26,credit_card
ACCT00001896,5469,NY,2025-07-26,2024-08-26,fintech_personal_loan
ACCT00001897,5137,TX,2025-04-26,2024-08-26,fintech_personal_loan
ACCT00001898,5818,TX,2025-06-26,2024-12-26,credit_card
ACCT00001899,4414,NY,2025-03-26,2025-02-26,fintech_personal_loan
ACCT00001900,4739,GA,2025-09-26,2025-02-26,fintech_personal_loan
ACCT00001901,7341,TX,2025-10-26,2025-04-26,credit_card
ACCT00001902,5961,TX,2025-07-26,2025-05-26,fintech_personal_loan
ACCT00001903,4471,TX,2025-08-26,2025-06-26,fintech_personal_loan
ACCT00001904,4502,TX,2025-09-26,2025-06-26,bnpl
ACCT00001905,3925,PA,2025-10-26,2024-10-26,bnpl
ACCT00001906,5670,TX,2025-11-26,2025-06-26,fintech_personal_loan
ACCT00001907,4929,NY,2025-10-26,2024-12-26,fintech_personal_loan
ACCT00001908,3558,CA,2025-06-26,2024-09-26,fintech_personal_loan
ACCT00001909,5734,NY,2025-02-26,2025-01-26,bnpl
ACCT00001910,5355,NY,2025-03-26,2024-12-26,credit_card
ACCT00001911,4791,IL,2025-07-26,2025-04-26,bnpl
ACCT00001912,3868,TX,2026-02-26,2024-08-26,fintech_personal_loan
ACCT00001913,4632,TX,2025-10-26,2025-06-26,credit_card
ACCT00001914,5590,NY,2025-12-26,2025-02-26,credit_card
ACCT00001915,6011,TX,2025-02-26,2025-01-26,fintech_personal_loan
ACCT00001916,5501,TX,2025-03-26,2024-08-26,bnpl
ACCT00001917,5017,NY,2025-06-26,2025-02-26,credit_card
ACCT00001918,5795,NY,2025-06-26,2024-10-26,credit_card
ACCT00001919,5616,NY,2026-02-26,2025-02-26,fintech_personal_loan
ACCT00001920,4405,NY,2025-06-26,2025-01-26,credit_card
ACCT00001921,5608,TX,2025-05-26,2025-04-26,fintech_personal_loan
ACCT00001922,4542,TX,2025-08-26,2024-11-26,credit_card
ACCT00001923,4295,MI,2025-09-26,2025-05-26,fintech_personal_loan
ACCT00001924,4951,MI,2025-09-26,2025-04-26,fintech_personal_loan
ACCT00001925,5686,TX,2025-10-26,2024-09-26,fintech_personal_loan
ACCT00001926,4532,TX,2026-01-26,2025-07-26,fintech_personal_loan
ACCT00001927,3623,NY,2026-01-26,2025-06-26,fintech_personal_loan
ACCT00001928,5334,GA,2026-02-26,2025-02-26,credit_card
ACCT00001929,5735,NY,2025-02-26,2024-12-26,credit_card
ACCT00001930,3637,TX,2025-05-26,2025-04-26,fintech_personal_loan
ACCT00001931,5858,IL,2025-03-26,2024-10-26,fintech_personal_loan
ACCT00001932,4498,TX,2025-09-26,2024-11-26,bnpl
ACCT00001933,5808,TX,2025-08-26,2025-03-26,bnpl
ACCT00001934,5127,NC,2025-12-26,2024-10-26,fintech_personal_loan
ACCT00001935,4294,TX,2025-03-26,2024-08-26,bnpl
ACCT00001936,4145,NY,2025-03-26,2024-09-26,fintech_personal_loan
ACCT00001937,5205,TX,2025-04-26,2024-11-26,bnpl
ACCT00001938,4083,NY,2025-06-26,2024-11-26,bnpl
ACCT00001939,4079,TX,2026-02-26,2024-12-26,fintech_personal_loan
ACCT00001940,4504,NY,2026-02-26,2024-11-26,fintech_personal_loan
ACCT00001941,4372,NY,2026-02-26,2024-08-26,fintech_personal_loan
ACCT00001942,3719,IL,2026-02-26,2024-12-26,fintech_personal_loan
ACCT00001943,4899,TX,2025-02-26,2025-01-26,fintech_personal_loan
ACCT00001944,6209,TX,2026-01-26,2024-12-26,fintech_personal_loan
ACCT00001945,5278,TX,2025-02-26,2024-08-26,fintech_personal_loan
ACCT00001946,4750,NY,2025-08-26,2025-01-26,credit_card
ACCT00001947,5729,TX,2025-02-26,2025-01-26,fintech_personal_loan
ACCT00001948,6078,NY,2025-12-26,2024-08-26,fintech_personal_loan
ACCT00001949,5429,TX,2025-07-26,2025-02-26,fintech_personal_loan
ACCT00001950,4555,NY,2025-08-26,2025-07-26,fintech_personal_loan
ACCT00001951,3556,FL,2025-10-26,2025-01-26,credit_card
ACCT00001952,4675,NY,2025-04-26,2024-10-26,credit_card
ACCT00001953,5114,TX,2026-02-26,2025-06-26,fintech_personal_loan
ACCT00001954,3524,NY,2026-01-26,2024-08-26,fintech_personal_loan
ACCT00001955,5422,PA,2026-01-26,2024-11-26,fintech_personal_loan
ACCT00001956,5688,NY,2026-02-26,2024-10-26,fintech_personal_loan
ACCT00001957,4527,NY,2025-04-26,2024-11-26,fintech_personal_loan
ACCT00001958,5345,WA,2026-02-26,2025-02-26,credit_card
ACCT00001959,2329,NY,2025-10-26,2025-06-26,bnpl
ACCT00001960,3519,CA,2026-01-26,2025-06-26,bnpl
ACCT00001961,5365,NY,2025-07-26,2025-04-26,fintech_personal_loan
ACCT00001962,5117,TX,2025-11-26,2025-01-26,fintech_personal_loan
ACCT00001963,3592,TX,2025-06-26,2025-02-26,bnpl
ACCT00001964,5446,NY,2025-08-26,2024-08-26,fintech_personal_loan
ACCT00001965,5418,TX,2025-12-26,2025-04-26,unknown
ACCT00001966,3774,NY,2026-02-26,2025-01-26,credit_card
ACCT00001967,4427,NY,2025-10-26,2025-04-26,bnpl
ACCT00001968,5958,NY,2025-03-26,2024-08-26,unknown
ACCT00001969,4205,NC,2026-02-26,2025-05-26,bnpl
ACCT00001970,4434,IL,2026-02-26,2024-10-26,credit_card
ACCT00001971,5021,TX,2025-05-26,2025-04-26,credit_card
ACCT00001972,5733,IL,2025-09-26,2025-04-26,credit_card
ACCT00001973,6089,TX,2025-03-26,,bnpl
ACCT00001974,4911,TX,2025-07-26,2024-10-26,bnpl
ACCT00001975,3906,NY,2026-01-26,2025-03-26,fintech_personal_loan
ACCT00001976,4811,NY,2025-05-26,2025-03-26,fintech_personal_loan
ACCT00001977,5015,NY,2025-07-26,2025-05-26,fintech_personal_loan
ACCT00001978,3924,TX,2025-03-26,2025-01-26,credit_card
ACCT00001979,5425,VA,2025-02-26,2024-12-26,fintech_personal_loan
ACCT00001980,4669,NY,2025-03-26,2024-10-26,fintech_personal_loan
ACCT00001981,3975,NY,2025-03-26,2025-02-26,credit_card
ACCT00001982,2198,NY,2025-09-26,2025-02-26,fintech_personal_loan
ACCT00001983,5521,NY,2026-02-26,2025-07-26,fintech_personal_loan
ACCT00001984,3908,TX,2025-09-26,2025-07-26,fintech_personal_loan
ACCT00001985,5178,TX,2025-11-26,2025-04-26,bnpl
ACCT00001986,4481,NY,2026-01-26,2024-10-26,bnpl
ACCT00001987,4401,NY,2025-04-26,2024-12-26,fintech_personal_loan
ACCT00001988,4118,NY,2025-09-26,2024-11-26,fintech_personal_loan
ACCT00001989,6833,TX,2025-12-26,2025-04-26,credit_card
ACCT00001990,7084,TX,2025-08-26,2025-07-26,fintech_personal_loan
ACCT00001991,5600,NY,2026-02-26,2025-05-26,fintech_personal_loan
ACCT00001992,3998,NY,2025-10-26,2025-03-26,credit_card
ACCT00001993,4220,NY,2025-09-26,2025-01-26,credit_card
ACCT00001994,4095,TX,2025-05-26,2024-11-26,credit_card
ACCT00001995,5191,NY,2025-06-26,2024-08-26,fintech_personal_loan
ACCT00001996,5377,TX,2025-06-26,2025-04-26,fintech_personal_loan
ACCT00001997,4461,NY,2025-11-26,,bnpl
ACCT00001998,5444,NY,2025-02-26,2024-12-26,credit_card
ACCT00001999,5967,NY,2026-02-26,2025-08-26,fintech_personal_loan
ACCT00002000,5320,TX,2025-08-26,2024-12-26,credit_card
ACCT00002001,4864,NY,2025-05-26,2025-04-26,fintech_personal_loan
ACCT00002002,5523,FL,2026-01-26,2024-10-26,fintech_personal_loan
ACCT00002003,5128,TX,2025-08-26,2024-12-26,fintech_personal_loan
ACCT00002004,3453,NY,2025-10-26,2025-02-26,fintech_personal_loan
ACCT00002005,6430,MI,2025-05-26,,credit_card
ACCT00002006,6050,NY,2025-02-26,2024-10-26,credit_card
ACCT00002007,6774,TX,2026-01-26,2025-01-26,fintech_personal_loan
ACCT00002008,4742,CA,2025-04-26,2025-02-26,bnpl
ACCT00002009,445124,TX,2025-04-26,2024-12-26,fintech_personal_loan
ACCT00002010,4684,TX,2025-06-26,2025-04-26,bnpl
ACCT00002011,4711,GA,2025-03-26,2024-11-26,fintech_personal_loan
ACCT00002012,4992,NY,2025-07-26,2025-02-26,bnpl
ACCT00002013,5154,NY,2026-02-26,2025-02-26,bnpl
ACCT00002014,464419,TX,2025-10-26,2025-04-26,bnpl
ACCT00002015,3804,TX,2025-03-26,2024-12-26,credit_card
ACCT00002016,3506,NY,2025-06-26,2025-03-26,fintech_personal_loan
ACCT00002017,4451,TX,2025-04-26,2024-09-26,credit_card
ACCT00002018,4677,TX,2025-07-26,2025-05-26,credit_card
ACCT00002019,4193,CA,2025-02-26,2024-09-26,fintech_personal_loan
ACCT00002020,4620,NY,2026-02-26,2025-04-26,credit_card
ACCT00002021,5322,TX,2025-08-26,2025-06-26,fintech_personal_loan
ACCT00002022,3477,NY,2025-09-26,2025-02-26,fintech_personal_loan
ACCT00002023,5557,NY,2025-11-26,2025-07-26,bnpl
ACCT00002024,5979,TX,2025-10-26,2025-03-26,credit_card
ACCT00002025,5080,IL,2026-02-26,2025-05-26,credit_card
ACCT00002026,6502,WA,2025-03-26,2024-11-26,fintech_personal_loan
ACCT00002027,5813,NY,2025-05-26,2025-03-26,credit_card
ACCT00002028,6002,TX,2025-07-26,2025-06-26,fintech_personal_loan
ACCT00002029,5825,TX,2025-08-26,2024-11-26,credit_card
ACCT00002030,4982,NY,2025-09-26,2025-03-26,credit_card
ACCT00002031,5543,NY,2025-03-26,2025-01-26,bnpl
ACCT00002032,5428,TX,2025-02-26,2024-10-26,fintech_personal_loan
ACCT00002033,5307,TX,2025-11-26,2025-06-26,fintech_personal_loan
ACCT00002034,6761,NY,2025-06-26,2025-01-26,credit_card
ACCT00002035,7473,NY,2025-11-26,2024-12-26,unknown
ACCT00002036,6552,TX,2026-02-26,2025-07-26,fintech_personal_loan
ACCT00002037,4012,TX,2025-11-26,2024-12-26,credit_card
ACCT00002038,5549,NY,2025-12-26,2025-03-26,bnpl
ACCT00002039,4421,TX,2025-05-26,2024-08-26,credit_card
ACCT00002040,6109,NY,2025-05-26,2024-08-26,fintech_personal_loan
ACCT00002041,5310,FL,2025-06-26,2024-12-26,fintech_personal_loan
ACCT00002042,3554,NY,2025-10-26,2025-08-26,fintech_personal_loan
ACCT00002043,6038,TX,2025-08-26,2024-10-26,credit_card
ACCT00002044,5504,GA,2026-01-26,2025-07-26,credit_card
ACCT00002045,3203,NY,2025-11-26,2024-11-26,fintech_personal_loan
ACCT00002046,5829,NY,2025-04-26,2024-08-26,bnpl
ACCT00002047,4427,TX,2025-05-26,2025-04-26,credit_card
ACCT00002048,5443,NY,2025-05-26,2025-03-26,credit_card
ACCT00002049,4106,GA,2025-02-26,2024-12-26,fintech_personal_loan
ACCT00002050,5358,NY,2025-07-26,2024-09-26,fintech_personal_loan
ACCT00002051,5122,FL,2025-10-26,2025-04-26,fintech_personal_loan
ACCT00002052,5062,NY,2025-03-26,2025-02-26,bnpl
ACCT00002053,5577,TX,2025-11-26,2024-11-26,credit_card
ACCT00002054,5535,TX,2025-03-26,2024-12-26,fintech_personal_loan
ACCT00002055,4862,NY,2025-05-26,2024-11-26,credit_card
ACCT00002056,4656,TX,2025-02-26,2024-12-26,bnpl
ACCT00002057,6725,TX,2025-06-26,2025-03-26,fintech_personal_loan
ACCT00002058,5045,GA,2025-10-26,2025-08-26,fintech_personal_loan
ACCT00002059,6072,TX,2025-06-26,2025-03-26,fintech_personal_loan
ACCT00002060,6338,NY,2025-10-26,2024-11-26,fintech_personal_loan
ACCT00002061,4952,NY,2025-08-26,2025-06-26,credit_card
ACCT00002062,4940,TX,2025-07-26,2024-12-26,bnpl
ACCT00002063,3483,TX,2025-06-26,2024-12-26,credit_card
ACCT00002064,6854,TX,2025-04-26,2025-02-26,fintech_personal_loan
ACCT00002065,6286,NY,2026-02-26,2024-10-26,fintech_personal_loan
ACCT00002066,5027,NY,2025-10-26,2024-09-26,bnpl
ACCT00002067,4338,NY,2025-05-26,2024-08-26,fintech_personal_loan
ACCT00002068,3831,TX,2025-12-26,2024-09-26,bnpl
ACCT00002069,2544,TX,2025-12-26,2024-09-26,unknown
ACCT00002070,5976,NY,2026-02-26,2024-08-26,fintech_personal_loan
ACCT00002071,4166,VA,2025-05-26,2025-02-26,fintech_personal_loan
ACCT00002072,4893,TX,2025-03-26,2024-12-26,credit_card
ACCT00002073,4653,PA,2025-08-26,2024-09-26,fintech_personal_loan
ACCT00002074,5466,TX,2025-06-26,2025-05-26,fintech_personal_loan
ACCT00002075,512002,NY,2025-10-26,2025-06-26,fintech_personal_loan
ACCT00002076,3561,TX,2025-02-26,2024-10-26,credit_card
ACCT00002077,4892,NY,2026-01-26,2024-08-26,fintech_personal_loan
ACCT00002078,4009,TX,2025-06-26,2024-08-26,credit_card
ACCT00002079,4018,NY,2025-07-26,2024-10-26,unknown
ACCT00002080,6178,TX,2026-01-26,2024-08-26,fintech_personal_loan
ACCT00002081,4051,NY,2025-07-26,2025-05-26,fintech_personal_loan
ACCT00002082,5747,NY,2025-09-26,2025-08-26,fintech_personal_loan
ACCT00002083,5517,TX,2025-12-26,2024-12-26,bnpl
ACCT00002084,5809,TX,2025-07-26,2025-06-26,bnpl
ACCT00002085,4607,NY,2025-11-26,2024-10-26,fintech_personal_loan
ACCT00002086,4089,TX,2026-01-26,2024-09-26,credit_card
ACCT00002087,5218,NY,2026-01-26,2025-08-26,credit_card
ACCT00002088,5051,TX,2025-05-26,2024-11-26,fintech_personal_loan
ACCT00002089,4157,TX,2025-04-26,2025-01-26,fintech_personal_loan
ACCT00002090,5969,TX,2025-11-26,2025-01-26,fintech_personal_loan
ACCT00002091,4683,NC,2025-08-26,2025-03-26,bnpl
ACCT00002092,5014,NY,2026-02-26,2025-02-26,fintech_personal_loan
ACCT00002093,5196,NY,2025-10-26,2024-08-26,fintech_personal_loan
ACCT00002094,6408,TX,2026-02-26,2025-04-26,credit_card
ACCT00002095,4201,TX,2025-12-26,2024-09-26,bnpl
ACCT00002096,6760,NY,2025-12-26,2024-12-26,fintech_personal_loan
ACCT00002097,4692,NY,2025-08-26,2024-09-26,credit_card
ACCT00002098,4327,NY,2025-04-26,2025-01-26,bnpl
ACCT00002099,5594,NY,2025-06-26,2024-11-26,credit_card
ACCT00002100,5335,NY,2025-09-26,2025-03-26,credit_card
ACCT00002101,4806,TX,2026-01-26,2025-05-26,credit_card
ACCT00002102,5311,CA,2025-08-26,2025-01-26,credit_card
ACCT00002103,5011,NY,2025-03-26,2024-12-26,bnpl
ACCT00002104,5654,NY,2025-08-26,2024-11-26,fintech_personal_loan
ACCT00002105,3075,NY,2025-07-26,2024-09-26,fintech_personal_loan
ACCT00002106,1972,TX,2025-04-26,2025-01-26,fintech_personal_loan
ACCT00002107,4548,TX,2025-07-26,2025-06-26,fintech_personal_loan
ACCT00002108,4984,TX,2025-04-26,2025-02-26,credit_card
ACCT00002109,3812,NY,2025-10-26,2025-08-26,credit_card
ACCT00002110,5222,NY,2026-01-26,2025-08-26,fintech_personal_loan
ACCT00002111,7026,TX,2026-02-26,2025-02-26,fintech_personal_loan
ACCT00002112,5248,TX,2025-04-26,2025-01-26,fintech_personal_loan
ACCT00002113,6296,NY,2025-07-26,2025-02-26,fintech_personal_loan
ACCT00002114,5819,TX,2025-04-26,2025-03-26,fintech_personal_loan
ACCT00002115,4900,TX,2025-10-26,2025-07-26,fintech_personal_loan
ACCT00002116,3246,TX,2025-05-26,2025-02-26,fintech_personal_loan
ACCT00002117,3876,CA,2025-12-26,2025-05-26,fintech_personal_loan
ACCT00002118,7351,TX,2025-07-26,2025-02-26,fintech_personal_loan
ACCT00002119,5000,TX,2026-01-26,2025-07-26,fintech_personal_loan
ACCT00002120,4077,NY,2025-11-26,2025-03-26,fintech_personal_loan
ACCT00002121,4709,TX,2025-08-26,2025-02-26,fintech_personal_loan
ACCT00002122,4238,TX,2025-10-26,2024-09-26,fintech_personal_loan
ACCT00002123,3796,NY,2025-04-26,,credit_card
ACCT00002124,4962,NY,2026-01-26,2025-03-26,fintech_personal_loan
ACCT00002125,6781,VA,2025-03-26,2024-11-26,fintech_personal_loan
ACCT00002126,5447,TX,2025-04-26,2025-01-26,fintech_personal_loan
ACCT00002127,6809,NY,2025-08-26,2024-08-26,fintech_personal_loan
ACCT00002128,5265,NY,2026-01-26,2025-03-26,fintech_personal_loan
ACCT00002129,6422,PA,2025-08-26,2025-02-26,bnpl
ACCT00002130,5446,NY,2025-08-26,2024-09-26,fintech_personal_loan
ACCT00002131,5443,NY,2025-09-26,2025-05-26,bnpl
ACCT00002132,4427,TX,2025-09-26,2025-07-26,credit_card
ACCT00002133,7042,TX,2025-07-26,2024-08-26,credit_card
ACCT00002134,4683,TX,2025-10-26,2025-06-26,credit_card
ACCT00002135,5562,NY,2025-12-26,2024-11-26,fintech_personal_loan
ACCT00002136,3861,NY,2025-10-26,2024-12-26,bnpl
ACCT00002137,5270,TX,2025-07-26,2024-11-26,fintech_personal_loan
ACCT00002138,4729,NY,2025-07-26,2024-09-26,credit_card
ACCT00002139,5007,TX,2026-02-26,2025-01-26,fintech_personal_loan
ACCT00002140,4168,NY,2025-06-26,2025-05-26,fintech_personal_loan
ACCT00002141,4424,NY,2025-06-26,2024-11-26,unknown
ACCT00002142,3550,TX,2025-03-26,2025-01-26,fintech_personal_loan
ACCT00002143,4400,NY,2026-02-26,2024-11-26,credit_card
ACCT00002144,5772,FL,2025-07-26,2024-10-26,fintech_personal_loan
ACCT00002145,5096,TX,2025-02-26,2024-11-26,fintech_personal_loan
ACCT00002146,4125,NY,2025-08-26,2025-05-26,credit_card
ACCT00002147,6818,NC,2025-10-26,2024-09-26,fintech_personal_loan
ACCT00002148,7078,NY,2025-04-26,2024-09-26,credit_card
ACCT00002149,5536,NY,2026-01-26,2024-11-26,credit_card
ACCT00002150,480515,NY,2025-10-26,2025-02-26,fintech_personal_loan
ACCT00002151,4307,NY,2026-02-26,2024-10-26,bnpl
ACCT00002152,5102,CA,2025-09-26,2025-08-26,credit_card
ACCT00002153,4909,NY,2025-10-26,2025-06-26,fintech_personal_loan
ACCT00002154,3212,NY,2025-06-26,2025-03-26,fintech_personal_loan
ACCT00002155,6424,NY,2025-02-26,2024-12-26,fintech_personal_loan
ACCT00002156,5405,TX,2026-01-26,2025-04-26,credit_card
ACCT00002157,5183,NY,2026-02-26,2025-07-26,fintech_personal_loan
ACCT00002158,6379,MI,2025-10-26,2024-12-26,fintech_personal_loan
ACCT00002159,5493,GA,2025-12-26,2025-03-26,fintech_personal_loan
ACCT00002160,541315,NY,2025-10-26,2024-08-26,credit_card
ACCT00002161,6403,TX,2025-12-26,2025-06-26,credit_card
ACCT00002162,3636,PA,2025-03-26,2025-01-26,bnpl
ACCT00002163,6426,TX,2026-01-26,2025-04-26,fintech_personal_loan
ACCT00002164,6763,NY,2025-10-26,2025-03-26,credit_card
ACCT00002165,4523,CA,2025-05-26,2024-11-26,bnpl
ACCT00002166,4250,NY,2026-02-26,2024-11-26,fintech_personal_loan
ACCT00002167,3796,NY,2025-11-26,2024-08-26,bnpl
ACCT00002168,3447,NY,2025-10-26,2025-01-26,credit_card
ACCT00002169,5555,NY,2025-11-26,2025-05-26,credit_card
ACCT00002170,5049,NY,2025-06-26,2025-04-26,fintech_personal_loan
ACCT00002171,4520,NY,2025-05-26,2024-12-26,fintech_personal_loan
ACCT00002172,4795,WA,2025-07-26,2025-06-26,bnpl
ACCT00002173,4847,NY,2025-05-26,2025-02-26,credit_card
ACCT00002174,3970,TX,2025-08-26,,fintech_personal_loan
ACCT00002175,4365,TX,2025-05-26,2024-12-26,credit_card
ACCT00002176,3786,NY,2026-02-26,2024-11-26,credit_card
ACCT00002177,4659,TX,2025-03-26,2024-11-26,fintech_personal_loan
ACCT00002178,5037,TX,2025-11-26,2024-10-26,fintech_personal_loan
ACCT00002179,3336,NY,2025-06-26,2024-09-26,credit_card
ACCT00002180,5662,TX,2025-04-26,2025-01-26,credit_card
ACCT00002181,5440,TX,2025-11-26,2024-10-26,fintech_personal_loan
ACCT00002182,5198,MI,2026-01-26,2025-02-26,credit_card
ACCT00002183,4904,NY,2026-01-26,2025-01-26,credit_card
ACCT00002184,6107,NY,2026-01-26,2024-11-26,fintech_personal_loan
ACCT00002185,4776,TX,2025-06-26,2024-10-26,bnpl
ACCT00002186,4569,TX,2025-04-26,2024-12-26,fintech_personal_loan
ACCT00002187,3219,NY,2025-04-26,2025-03-26,fintech_personal_loan
ACCT00002188,5946,IL,2025-08-26,2024-11-26,credit_card
ACCT00002189,4415,VA,2025-10-26,2025-03-26,fintech_personal_loan
ACCT00002190,4758,NY,2025-08-26,2024-10-26,bnpl
ACCT00002191,502223,TX,2025-05-26,2025-01-26,fintech_personal_loan
ACCT00002192,5787,TX,2025-05-26,2024-11-26,bnpl
ACCT00002193,4240,TX,2025-07-26,2024-12-26,credit_card
ACCT00002194,4859,NY,2026-02-26,2024-08-26,fintech_personal_loan
ACCT00002195,6574,TX,2026-01-26,2024-09-26,fintech_personal_loan
ACCT00002196,5896,WA,2026-02-26,2024-10-26,bnpl
ACCT00002197,5344,GA,2025-05-26,2025-01-26,bnpl
ACCT00002198,535945,TX,2025-11-26,2024-08-26,fintech_personal_loan
ACCT00002199,4738,NC,2025-05-26,2024-08-26,fintech_personal_loan
ACCT00002200,6395,CA,2025-11-26,2024-08-26,fintech_personal_loan
ACCT00002201,5997,NY,2025-12-26,2024-08-26,fintech_personal_loan
ACCT00002202,4831,MI,2025-03-26,2025-01-26,credit_card
ACCT00002203,4953,IL,2025-12-26,2025-01-26,credit_card
ACCT00002204,4562,NY,2025-12-26,2025-06-26,fintech_personal_loan
ACCT00002205,5261,FL,2025-09-26,2024-08-26,fintech_personal_loan
ACCT00002206,6180,WA,2025-06-26,2025-03-26,fintech_personal_loan
ACCT00002207,5839,OH,2025-09-26,2024-12-26,credit_card
ACCT00002208,5514,NY,2025-07-26,2025-02-26,fintech_personal_loan
ACCT00002209,5688,TX,2025-03-26,2025-01-26,credit_card
ACCT00002210,4908,NY,2025-03-26,2024-09-26,fintech_personal_loan
ACCT00002211,3614,TX,2025-06-26,2025-05-26,credit_card
ACCT00002212,5278,GA,2025-11-26,2024-11-26,credit_card
ACCT00002213,4938,TX,2025-05-26,2025-03-26,fintech_personal_loan
ACCT00002214,5193,NY,2025-08-26,2025-03-26,fintech_personal_loan
ACCT00002215,4461,TX,2025-06-26,2025-05-26,fintech_personal_loan
ACCT00002216,2639,NY,2026-01-26,2024-11-26,bnpl
ACCT00002217,5269,NY,2025-02-26,2024-11-26,bnpl
ACCT00002218,5393,NY,2025-07-26,2025-02-26,bnpl
ACCT00002219,6096,MI,2025-05-26,2025-03-26,fintech_personal_loan
ACCT00002220,2719,NY,2026-02-26,2024-12-26,bnpl
ACCT00002221,4574,NY,2025-07-26,2025-02-26,credit_card
ACCT00002222,6073,TX,2025-09-26,2024-08-26,fintech_personal_loan
ACCT00002223,4530,TX,2025-02-26,2024-11-26,credit_card
ACCT00002224,4052,TX,2025-07-26,2025-04-26,fintech_personal_loan
ACCT00002225,3552,NY,2026-02-26,2025-04-26,credit_card
ACCT00002226,6591,NY,2025-11-26,2025-08-26,bnpl
ACCT00002227,5932,TX,2025-12-26,2025-04-26,credit_card
ACCT00002228,5907,TX,2025-11-26,2024-10-26,fintech_personal_loan
ACCT00002229,4491,OH,2025-05-26,2025-03-26,credit_card
ACCT00002230,3511,NY,2025-10-26,2025-07-26,fintech_personal_loan
ACCT00002231,4686,TX,2025-07-26,2025-02-26,credit_card
ACCT00002232,5267,NY,2025-03-26,2025-01-26,bnpl
ACCT00002233,4388,NY,2026-01-26,2024-10-26,credit_card
ACCT00002234,4498,NY,2025-05-26,2024-12-26,fintech_personal_loan
ACCT00002235,5577,NY,2025-10-26,2024-10-26,credit_card
ACCT00002236,4650,NY,2025-04-26,2025-02-26,credit_card
ACCT00002237,4745,TX,2025-10-26,2025-01-26,credit_card
ACCT00002238,5873,CA,2025-05-26,2025-04-26,fintech_personal_loan
ACCT00002239,2998,TX,2025-02-26,2024-08-26,credit_card
ACCT00002240,4851,TX,2025-09-26,2025-06-26,bnpl
ACCT00002241,3989,TX,2025-04-26,2024-12-26,bnpl
ACCT00002242,4108,TX,2025-05-26,2024-12-26,credit_card
ACCT00002243,5429,TX,2025-07-26,2025-05-26,bnpl
ACCT00002244,3403,OH,2026-02-26,2024-08-26,fintech_personal_loan
ACCT00002245,483052,NY,2025-08-26,2025-05-26,credit_card
ACCT00002246,5654,NY,2026-01-26,2025-01-26,fintech_personal_loan
ACCT00002247,6290,NY,2025-04-26,2024-12-26,credit_card
ACCT00002248,5238,WA,2025-10-26,2025-03-26,bnpl
ACCT00002249,4661,TX,2025-12-26,2024-12-26,credit_card
ACCT00002250,3896,FL,2026-01-26,2024-09-26,bnpl
ACCT00002251,4571,TX,2025-12-26,2024-08-26,fintech_personal_loan
ACCT00002252,5328,NY,2025-06-26,2024-08-26,fintech_personal_loan
ACCT00002253,5298,NY,2025-07-26,2025-05-26,credit_card
ACCT00002254,5550,TX,2025-10-26,2025-03-26,fintech_personal_loan
ACCT00002255,6412,NY,2026-02-26,2024-09-26,fintech_personal_loan
ACCT00002256,4986,OH,2025-03-26,2025-01-26,bnpl
ACCT00002257,4899,TX,2025-03-26,2024-11-26,credit_card
ACCT00002258,5241,MI,2025-04-26,2025-02-26,fintech_personal_loan
ACCT00002259,5023,TX,2025-07-26,2025-05-26,bnpl
ACCT00002260,3618,NY,2026-02-26,2025-02-26,fintech_personal_loan
ACCT00002261,5072,TX,2025-11-26,2024-08-26,fintech_personal_loan
ACCT00002262,4783,NY,2025-11-26,2025-03-26,fintech_personal_loan
ACCT00002263,3652,WA,2025-07-26,2025-04-26,fintech_personal_loan
ACCT00002264,5439,TX,2025-12-26,2025-02-26,credit_card
ACCT00002265,3228,NY,2025-07-26,2025-06-26,fintech_personal_loan
ACCT00002266,5319,OH,2025-05-26,2025-04-26,credit_card
ACCT00002267,5229,NY,2025-02-26,2024-12-26,credit_card
ACCT00002268,6143,NY,,2024-08-26,credit_card
ACCT00002269,4812,NY,2025-10-26,2025-06-26,fintech_personal_loan
ACCT00002270,3992,NY,2025-10-26,2025-04-26,credit_card
ACCT00002271,5978,NY,2025-07-26,2025-06-26,fintech_personal_loan
ACCT00002272,4678,TX,2025-03-26,2025-02-26,fintech_personal_loan
ACCT00002273,5938,PA,2025-07-26,2025-03-26,credit_card
ACCT00002274,6858,NC,2025-09-26,2025-06-26,credit_card
ACCT00002275,4750,TX,2025-12-26,2024-12-26,credit_card
ACCT00002276,5904,TX,2025-07-26,2024-08-26,fintech_personal_loan
ACCT00002277,4912,NY,2025-10-26,2025-08-26,fintech_personal_loan
ACCT00002278,4563,TX,2026-02-26,2025-02-26,fintech_personal_loan
ACCT00002279,6068,NY,2025-05-26,2024-11-26,bnpl
ACCT00002280,4125,NY,2025-12-26,2025-02-26,credit_card
ACCT00002281,5926,NY,2026-02-26,2025-05-26,credit_card
ACCT00002282,4744,NY,2025-02-26,2024-11-26,fintech_personal_loan
ACCT00002283,5260,TX,2025-03-26,2024-12-26,bnpl
ACCT00002284,4285,NC,2025-07-26,2025-06-26,fintech_personal_loan
ACCT00002285,4359,NY,2025-05-26,2025-04-26,fintech_personal_loan
ACCT00002286,5475,NC,2025-10-26,2025-06-26,fintech_personal_loan
ACCT00002287,3826,TX,2025-05-26,2025-02-26,credit_card
ACCT00002288,5690,NY,2025-03-26,2024-10-26,fintech_personal_loan
ACCT00002289,5531,NY,2025-02-26,2024-11-26,fintech_personal_loan
ACCT00002290,4556,NY,2025-10-26,2024-08-26,fintech_personal_loan
ACCT00002291,3476,NY,2025-10-26,2024-10-26,fintech_personal_loan
ACCT00002292,4485,NY,2025-02-26,2024-11-26,credit_card
ACCT00002293,5518,TX,2025-08-26,2025-02-26,bnpl
ACCT00002294,5570,NY,2025-10-26,2025-01-26,bnpl
ACCT00002295,6929,TX,2025-02-26,2024-11-26,credit_card
ACCT00002296,3912,TX,2025-08-26,2024-10-26,credit_card
ACCT00002297,4632,NY,2025-06-26,2025-03-26,bnpl
ACCT00002298,6262,NY,2026-01-26,2024-09-26,fintech_personal_loan
ACCT00002299,5119,NY,2026-02-26,2024-11-26,credit_card
ACCT00002300,4953,TX,2025-10-26,2025-03-26,bnpl
ACCT00002301,5972,GA,2026-01-26,2024-09-26,credit_card
ACCT00002302,4054,NY,2026-02-26,2025-02-26,credit_card
ACCT00002303,5276,NY,2026-02-26,2024-08-26,fintech_personal_loan
ACCT00002304,5396,TX,2025-02-26,2024-09-26,fintech_personal_loan
ACCT00002305,5485,TX,2025-09-26,2025-05-26,fintech_personal_loan
ACCT00002306,5373,NY,2025-04-26,2025-01-26,fintech_personal_loan
ACCT00002307,6154,TX,2025-07-26,2025-03-26,credit_card
ACCT00002308,5201,VA,2025-10-26,2024-08-26,credit_card
ACCT00002309,5350,NC,2025-09-26,2025-07-26,credit_card
ACCT00002310,6434,TX,2025-06-26,2025-05-26,fintech_personal_loan
ACCT00002311,4663,TX,2025-10-26,2025-04-26,fintech_personal_loan
ACCT00002312,5116,CA,2026-02-26,2024-08-26,credit_card
ACCT00002313,3365,TX,2026-02-26,2025-04-26,bnpl
ACCT00002314,4346,NY,2025-03-26,2025-01-26,fintech_personal_loan
ACCT00002315,4719,TX,2025-10-26,2025-04-26,fintech_personal_loan
ACCT00002316,4292,TX,2025-04-26,2025-03-26,fintech_personal_loan
ACCT00002317,4170,CA,2026-02-26,2024-09-26,fintech_personal_loan
ACCT00002318,4273,TX,2025-07-26,2024-08-26,credit_card
ACCT00002319,5221,NC,2025-12-26,2024-10-26,credit_card
ACCT00002320,474020,TX,2025-12-26,2025-01-26,credit_card
ACCT00002321,4539,NY,2025-12-26,2025-07-26,bnpl
ACCT00002322,3946,NY,2025-06-26,2025-01-26,credit_card
ACCT00002323,5006,NY,2025-10-26,2025-06-26,fintech_personal_loan
ACCT00002324,5523,NY,2025-02-26,2024-12-26,fintech_personal_loan
ACCT00002325,4147,NY,2025-09-26,2025-06-26,fintech_personal_loan
ACCT00002326,4859,CA,2025-09-26,2025-03-26,credit_card
ACCT00002327,2738,NY,2025-05-26,2024-09-26,fintech_personal_loan
ACCT00002328,5043,GA,2025-08-26,2025-01-26,credit_card
ACCT00002329,6110,TX,2025-12-26,2024-08-26,fintech_personal_loan
ACCT00002330,5462,NC,2025-03-26,2024-08-26,fintech_personal_loan
ACCT00002331,6778,NY,2025-02-26,2025-01-26,bnpl
ACCT00002332,3064,TX,2026-02-26,2025-06-26,fintech_personal_loan
ACCT00002333,4808,NY,2025-03-26,2025-01-26,fintech_personal_loan
ACCT00002334,4944,TX,2025-05-26,2025-01-26,credit_card
ACCT00002335,4765,NY,2025-06-26,2025-01-26,fintech_personal_loan
ACCT00002336,5923,NC,2025-09-26,2024-12-26,credit_card
ACCT00002337,5274,NY,2025-06-26,2024-08-26,fintech_personal_loan
ACCT00002338,6193,NY,2026-02-26,2025-05-26,bnpl
ACCT00002339,5367,NY,2025-09-26,2025-08-26,credit_card
ACCT00002340,4879,NY,2025-07-26,2024-12-26,fintech_personal_loan
ACCT00002341,4708,TX,2025-08-26,2025-07-26,bnpl
ACCT00002342,3843,PA,2026-01-26,2024-12-26,fintech_personal_loan
ACCT00002343,4997,OH,2025-07-26,2025-05-26,credit_card
ACCT00002344,5429,TX,2025-02-26,2025-01-26,credit_card
ACCT00002345,4852,TX,2025-07-26,2024-09-26,fintech_personal_loan
ACCT00002346,4553,TX,2025-03-26,2025-02-26,credit_card
ACCT00002347,5147,CA,2025-06-26,2025-03-26,fintech_personal_loan
ACCT00002348,5514,NY,2025-11-26,2025-01-26,bnpl
ACCT00002349,4034,TX,2025-05-26,2025-04-26,fintech_personal_loan
ACCT00002350,4602,NY,2025-08-26,2025-06-26,fintech_personal_loan
ACCT00002351,5201,TX,2025-04-26,2025-03-26,bnpl
ACCT00002352,5569,TX,2026-02-26,2025-03-26,credit_card
ACCT00002353,5826,NY,2025-09-26,2025-06-26,fintech_personal_loan
ACCT00002354,5904,TX,2026-01-26,2024-08-26,bnpl
ACCT00002355,6377,TX,2025-05-26,2025-04-26,credit_card
ACCT00002356,7184,NY,2025-07-26,2024-11-26,fintech_personal_loan
ACCT00002357,7035,NY,2025-11-26,2025-07-26,bnpl
ACCT00002358,2985,NY,2025-05-26,2024-09-26,fintech_personal_loan
ACCT00002359,5061,TX,2025-06-26,2024-09-26,fintech_personal_loan
ACCT00002360,4426,NY,2026-01-26,2025-01-26,fintech_personal_loan
ACCT00002361,5195,NY,2025-10-26,2024-11-26,credit_card
ACCT00002362,5615,NY,2025-06-26,2025-02-26,credit_card
ACCT00002363,4684,NY,2025-09-26,2025-01-26,fintech_personal_loan
ACCT00002364,3389,GA,2025-11-26,2024-10-26,bnpl
ACCT00002365,5229,NY,2026-01-26,2025-03-26,bnpl
ACCT00002366,4969,NY,2025-06-26,2025-05-26,fintech_personal_loan
ACCT00002367,3815,NY,2025-06-26,2024-10-26,bnpl
ACCT00002368,4596,FL,2025-12-26,2025-01-26,fintech_personal_loan
ACCT00002369,4951,CA,2025-08-26,2024-11-26,fintech_personal_loan
ACCT00002370,5544,NY,2025-03-26,2025-01-26,fintech_personal_loan
ACCT00002371,4258,TX,2025-06-26,2024-10-26,fintech_personal_loan
ACCT00002372,4510,TX,2026-01-26,2024-09-26,credit_card
ACCT00002373,5599,NY,2025-07-26,2025-05-26,credit_card
ACCT00002374,4554,NY,2025-02-26,2024-10-26,bnpl
ACCT00002375,4013,NY,2026-02-26,2024-09-26,fintech_personal_loan
ACCT00002376,3574,TX,2025-04-26,2025-03-26,credit_card
ACCT00002377,7215,NY,2025-10-26,2025-01-26,credit_card
ACCT00002378,3767,NY,2025-03-26,2025-02-26,bnpl
ACCT00002379,5821,NY,2025-04-26,2024-09-26,credit_card
ACCT00002380,7095,NY,2025-05-26,2025-03-26,bnpl
ACCT00002381,4940,GA,2025-03-26,2025-01-26,bnpl
ACCT00002382,5376,NY,2026-01-26,2024-08-26,unknown
ACCT00002383,4673,NY,2025-08-26,2024-11-26,credit_card
ACCT00002384,6073,TX,2025-11-26,2025-01-26,fintech_personal_loan
ACCT00002385,4532,PA,2025-12-26,2025-02-26,credit_card
ACCT00002386,3843,NY,2025-11-26,2025-01-26,credit_card
ACCT00002387,4520,MI,2025-12-26,2025-05-26,fintech_personal_loan
ACCT00002388,5763,NY,2025-12-26,2024-08-26,fintech_personal_loan
ACCT00002389,3737,NY,2025-07-26,2025-02-26,bnpl
ACCT00002390,6063,NY,2025-03-26,2024-09-26,credit_card
ACCT00002391,526802,NY,2025-06-26,2025-04-26,credit_card
ACCT00002392,4369,TX,2025-11-26,,fintech_personal_loan
ACCT00002393,4009,TX,2025-06-26,2024-11-26,unknown
ACCT00002394,4766,NY,2025-02-26,2025-01-26,fintech_personal_loan
ACCT00002395,5944,GA,2025-02-26,2024-12-26,bnpl
ACCT00002396,4020,NY,2025-06-26,2025-01-26,bnpl
ACCT00002397,6592,NY,2025-03-26,2024-12-26,unknown
ACCT00002398,3673,NY,2025-07-26,2025-06-26,fintech_personal_loan
ACCT00002399,5061,TX,2025-04-26,2024-12-26,credit_card
ACCT00002400,3014,NY,2025-03-26,2024-12-26,bnpl
ACCT00002401,5963,NY,2025-09-26,2025-02-26,fintech_personal_loan
ACCT00002402,4962,OH,2025-05-26,2025-03-26,credit_card
ACCT00002403,4762,NY,2025-04-26,2024-08-26,bnpl
ACCT00002404,4758,VA,2025-04-26,2024-11-26,bnpl
ACCT00002405,5540,TX,2025-07-26,2024-08-26,bnpl
ACCT00002406,5173,TX,2025-09-26,2025-04-26,credit_card
ACCT00002407,4465,TX,2025-12-26,2025-02-26,fintech_personal_loan
ACCT00002408,4558,OH,2025-04-26,2025-02-26,bnpl
ACCT00002409,6052,IL,2025-03-26,2024-11-26,credit_card
ACCT00002410,6370,NY,2025-09-26,2024-10-26,fintech_personal_loan
ACCT00002411,5201,TX,2025-09-26,2025-06-26,fintech_personal_loan
ACCT00002412,4196,NY,2025-02-26,2025-01-26,fintech_personal_loan
ACCT00002413,4517,NY,2025-10-26,2024-11-26,fintech_personal_loan
ACCT00002414,4706,NY,2025-11-26,2025-07-26,fintech_personal_loan
ACCT00002415,3444,NY,2025-09-26,2025-02-26,bnpl
ACCT00002416,6410,NY,2025-04-26,2024-09-26,bnpl
ACCT00002417,5814,TX,2025-10-26,2024-10-26,credit_card
ACCT00002418,5801,IL,2025-03-26,2024-09-26,bnpl
ACCT00002419,5775,NY,2025-10-26,2025-08-26,credit_card
ACCT00002420,5542,NY,2026-01-26,2025-04-26,credit_card
ACCT00002421,2940,NY,2025-07-26,2025-06-26,bnpl
ACCT00002422,5155,NY,2026-02-26,2025-03-26,bnpl
ACCT00002423,4126,NY,2025-10-26,2025-06-26,fintech_personal_loan
ACCT00002424,5733,NY,2025-05-26,2025-01-26,bnpl
ACCT00002425,471693,WA,2025-12-26,2025-08-26,fintech_personal_loan
ACCT00002426,499687,TX,2026-01-26,2025-01-26,credit_card
ACCT00002427,3718,NY,2025-08-26,2024-09-26,credit_card
ACCT00002428,4943,NY,2026-01-26,2024-08-26,fintech_personal_loan
ACCT00002429,5846,VA,2025-02-26,2024-08-26,bnpl
ACCT00002430,4448,OH,2026-02-26,2025-01-26,fintech_personal_loan
ACCT00002431,488937,IL,2025-10-26,2025-04-26,credit_card
ACCT00002432,5916,GA,2026-01-26,2025-01-26,fintech_personal_loan
ACCT00002433,4971,TX,2025-09-26,2024-08-26,credit_card
ACCT00002434,4841,NY,2026-01-26,2025-03-26,fintech_personal_loan
ACCT00002435,5376,NY,2026-02-26,2025-08-26,bnpl
ACCT00002436,6267,NY,2025-08-26,2025-05-26,fintech_personal_loan
ACCT00002437,6244,CA,2025-07-26,2024-09-26,fintech_personal_loan
ACCT00002438,4697,GA,2025-12-26,2025-02-26,bnpl
ACCT00002439,6733,FL,2026-02-26,2025-06-26,fintech_personal_loan
ACCT00002440,4518,NY,2025-07-26,2024-11-26,fintech_personal_loan
ACCT00002441,3806,PA,2025-03-26,2025-01-26,fintech_personal_loan
ACCT00002442,6353,NY,2025-04-26,2025-03-26,bnpl
ACCT00002443,4757,TX,2025-07-26,2025-06-26,bnpl
ACCT00002444,4840,NY,2025-09-26,2024-09-26,fintech_personal_loan
ACCT00002445,2747,TX,2025-05-26,2025-02-26,credit_card
ACCT00002446,4637,NY,2025-11-26,2024-12-26,credit_card
ACCT00002447,5452,TX,2025-10-26,2025-01-26,fintech_personal_loan
ACCT00002448,5124,TX,2025-03-26,,fintech_personal_loan
ACCT00002449,4566,NY,2025-09-26,2025-04-26,credit_card
ACCT00002450,5945,TX,2025-08-26,2025-06-26,fintech_personal_loan
ACCT00002451,5008,NY,2025-09-26,2024-11-26,fintech_personal_loan
ACCT00002452,4220,TX,2026-01-26,2025-02-26,credit_card
ACCT00002453,4881,TX,2025-08-26,2025-06-26,bnpl
ACCT00002454,4411,NY,2025-12-26,2024-09-26,credit_card
ACCT00002455,5261,TX,2025-11-26,2025-04-26,fintech_personal_loan
ACCT00002456,5429,NY,2026-02-26,2024-12-26,credit_card
ACCT00002457,5100,NY,2025-12-26,2025-02-26,credit_card
ACCT00002458,5042,NC,2025-10-26,2024-08-26,fintech_personal_loan
ACCT00002459,6196,MI,2025-09-26,2025-07-26,credit_card
ACCT00002460,5582,TX,2025-03-26,2025-01-26,unknown
ACCT00002461,4295,NY,2025-10-26,2025-08-26,credit_card
ACCT00002462,4917,IL,2025-11-26,2025-07-26,fintech_personal_loan
ACCT00002463,4767,NY,2025-04-26,2025-01-26,credit_card
ACCT00002464,3190,TX,2025-09-26,2025-08-26,fintech_personal_loan
ACCT00002465,4359,TX,2025-06-26,2025-05-26,fintech_personal_loan
ACCT00002466,6018,IL,2025-08-26,2024-10-26,fintech_personal_loan
ACCT00002467,6244,WA,2025-12-26,2024-11-26,fintech_personal_loan
ACCT00002468,4706,NY,2026-01-26,2024-11-26,fintech_personal_loan
ACCT00002469,3760,TX,2025-02-26,2024-12-26,bnpl
ACCT00002470,3984,NY,2026-02-26,2025-07-26,bnpl
ACCT00002471,3951,VA,2025-08-26,2025-01-26,fintech_personal_loan
ACCT00002472,434082,NY,2025-04-26,2024-12-26,fintech_personal_loan
ACCT00002473,4834,TX,2025-03-26,2025-01-26,fintech_personal_loan
ACCT00002474,2943,MI,2025-05-26,2024-10-26,fintech_personal_loan
ACCT00002475,3800,NY,2025-04-26,2025-01-26,fintech_personal_loan
ACCT00002476,4944,OH,2025-11-26,2024-08-26,bnpl
ACCT00002477,5939,TX,2025-11-26,2024-11-26,credit_card
ACCT00002478,5658,TX,2025-09-26,2025-04-26,credit_card
ACCT00002479,6660,TX,,2024-11-26,fintech_personal_loan
ACCT00002480,6580,NY,2025-03-26,2024-11-26,bnpl
ACCT00002481,4588,NY,2025-05-26,2025-03-26,credit_card
ACCT00002482,5237,TX,2026-02-26,2024-08-26,fintech_personal_loan
ACCT00002483,3653,NY,2025-08-26,2024-10-26,bnpl
ACCT00002484,5386,NC,2025-08-26,2025-05-26,credit_card
ACCT00002485,5510,TX,2025-12-26,2025-07-26,bnpl
ACCT00002486,4147,NY,2026-02-26,2025-07-26,bnpl
ACCT00002487,3535,NY,2025-09-26,2025-02-26,bnpl
ACCT00002488,7462,TX,2025-05-26,2024-09-26,fintech_personal_loan
ACCT00002489,5985,GA,2025-05-26,2025-03-26,bnpl
ACCT00002490,5454,WA,2026-02-26,2025-06-26,fintech_personal_loan
ACCT00002491,5717,NY,2025-06-26,2025-04-26,fintech_personal_loan
ACCT00002492,3822,IL,2025-06-26,2025-04-26,fintech_personal_loan
ACCT00002493,4430,TX,2025-03-26,2025-02-26,fintech_personal_loan
ACCT00002494,4992,GA,2025-03-26,2024-08-26,fintech_personal_loan
ACCT00002495,4167,TX,2025-09-26,2024-10-26,fintech_personal_loan
ACCT00002496,4747,TX,2025-05-26,2025-03-26,bnpl
ACCT00002497,5712,NY,2025-03-26,2024-09-26,fintech_personal_loan
ACCT00002498,4973,NY,2025-03-26,2024-08-26,fintech_personal_loan
ACCT00002499,6586,TX,2025-07-26,2025-05-26,fintech_personal_loan
ACCT00002500,4398,TX,2025-10-26,2025-07-26,credit_card
ACCT00002501,4664,TX,2025-05-26,2025-03-26,fintech_personal_loan
ACCT00002502,3859,TX,2025-08-26,2025-06-26,bnpl
ACCT00002503,4192,NY,2025-08-26,2025-06-26,fintech_personal_loan
ACCT00002504,5163,TX,2025-04-26,2025-02-26,fintech_personal_loan
ACCT00002505,4662,TX,2025-10-26,2025-06-26,bnpl
ACCT00002506,3589,TX,2025-03-26,2024-12-26,fintech_personal_loan
ACCT00002507,4276,TX,2026-01-26,2024-08-26,credit_card
ACCT00002508,3853,NY,2025-02-26,2024-11-26,fintech_personal_loan
ACCT00002509,3402,TX,2025-11-26,2025-07-26,fintech_personal_loan
ACCT00002510,3531,PA,2026-02-26,2025-01-26,fintech_personal_loan
ACCT00002511,5031,FL,2025-05-26,2025-04-26,credit_card
ACCT00002512,5368,NY,2025-02-26,2024-08-26,fintech_personal_loan
ACCT00002513,5522,TX,2025-03-26,2024-12-26,credit_card
ACCT00002514,6115,TX,2025-07-26,2024-09-26,bnpl
ACCT00002515,3928,NY,2025-03-26,2024-12-26,credit_card
ACCT00002516,3357,TX,2025-12-26,2025-06-26,bnpl
ACCT00002517,4881,OH,2025-10-26,2025-06-26,bnpl
ACCT00002518,3858,NY,2025-12-26,2024-08-26,bnpl
ACCT00002519,5099,NY,2025-08-26,2025-06-26,fintech_personal_loan
ACCT00002520,3920,TX,2025-09-26,2025-04-26,fintech_personal_loan
ACCT00002521,5044,TX,2025-04-26,2025-01-26,fintech_personal_loan
ACCT00002522,5333,TX,2025-06-26,2024-08-26,bnpl
ACCT00002523,3535,TX,2026-02-26,2025-03-26,bnpl
ACCT00002524,4930,NY,2025-08-26,2025-04-26,fintech_personal_loan
ACCT00002525,5674,PA,2025-10-26,2024-10-26,fintech_personal_loan
ACCT00002526,3642,GA,2025-02-26,2024-11-26,credit_card
ACCT00002527,5447,TX,2025-03-26,2024-09-26,credit_card
ACCT00002528,5255,NY,2025-09-26,,credit_card
ACCT00002529,5687,OH,2026-02-26,2025-04-26,credit_card
ACCT00002530,5379,NY,2025-08-26,2025-03-26,bnpl
ACCT00002531,4370,TX,2025-07-26,2024-08-26,credit_card
ACCT00002532,4918,TX,2025-04-26,2025-03-26,credit_card
ACCT00002533,6592,TX,2025-06-26,2025-05-26,bnpl
ACCT00002534,4591,NY,2025-06-26,2025-01-26,unknown
ACCT00002535,4913,NY,2025-02-26,2024-10-26,bnpl
ACCT00002536,4683,NY,2026-02-26,2024-08-26,bnpl
ACCT00002537,6847,OH,2025-11-26,2024-10-26,fintech_personal_loan
ACCT00002538,5190,NY,2025-12-26,2024-11-26,bnpl
ACCT00002539,5091,NY,2025-12-26,2025-02-26,bnpl
ACCT00002540,5330,TX,2025-04-26,2025-01-26,fintech_personal_loan
ACCT00002541,3143,TX,2025-10-26,2025-05-26,bnpl
ACCT00002542,3547,TX,2025-06-26,2025-02-26,credit_card
ACCT00002543,5840,NY,2025-11-26,2025-08-26,fintech_personal_loan
ACCT00002544,4553,NY,2025-06-26,2025-05-26,fintech_personal_loan
ACCT00002545,2891,TX,2025-02-26,2025-01-26,fintech_personal_loan
ACCT00002546,4510,NC,2025-12-26,2025-01-26,credit_card
ACCT00002547,4048,PA,2025-09-26,2025-01-26,credit_card
ACCT00002548,5388,NC,2025-02-26,2025-01-26,credit_card
ACCT00002549,5194,TX,2025-11-26,2025-07-26,fintech_personal_loan
ACCT00002550,7288,OH,2025-07-26,2024-12-26,fintech_personal_loan
ACCT00002551,3376,NC,2026-02-26,2025-06-26,credit_card
ACCT00002552,5418,TX,2025-05-26,2024-08-26,fintech_personal_loan
ACCT00002553,3931,NY,2025-03-26,2025-02-26,bnpl
ACCT00002554,5878,NY,2025-08-26,2024-12-26,fintech_personal_loan
ACCT00002555,5266,TX,2025-07-26,2025-04-26,credit_card
ACCT00002556,3943,TX,2026-02-26,2024-12-26,bnpl
ACCT00002557,7155,PA,2025-05-26,2025-01-26,fintech_personal_loan
ACCT00002558,6136,TX,2025-07-26,2025-02-26,credit_card
ACCT00002559,5745,TX,2025-08-26,2025-03-26,bnpl
ACCT00002560,5390,PA,2026-02-26,2025-08-26,bnpl
ACCT00002561,4666,TX,2026-01-26,2024-12-26,fintech_personal_loan
ACCT00002562,5060,NY,2025-10-26,,credit_card
ACCT00002563,5941,NY,2025-10-26,2024-10-26,bnpl
ACCT00002564,4633,NY,2025-02-26,,bnpl
ACCT00002565,6547,NY,2025-08-26,2025-03-26,credit_card
ACCT00002566,4252,NY,2025-10-26,2025-02-26,bnpl
ACCT00002567,5998,TX,2025-08-26,2025-04-26,fintech_personal_loan
ACCT00002568,6867,NY,2025-10-26,2024-10-26,fintech_personal_loan
ACCT00002569,5436,TX,2025-02-26,2024-11-26,fintech_personal_loan
ACCT00002570,4375,TX,2025-05-26,2025-04-26,fintech_personal_loan
ACCT00002571,4523,NY,2025-03-26,2024-10-26,fintech_personal_loan
ACCT00002572,494378,TX,2025-07-26,2025-04-26,fintech_personal_loan
ACCT00002573,6174,TX,2025-12-26,2024-09-26,fintech_personal_loan
ACCT00002574,4709,NY,2025-06-26,2025-05-26,fintech_personal_loan
ACCT00002575,4602,NY,2025-11-26,2024-09-26,fintech_personal_loan
ACCT00002576,5071,NY,2025-11-26,2025-04-26,fintech_personal_loan
ACCT00002577,4988,TX,2025-11-26,2025-02-26,credit_card
ACCT00002578,3686,GA,2025-07-26,2024-08-26,bnpl
ACCT00002579,3285,TX,2025-08-26,2024-12-26,bnpl
ACCT00002580,5968,TX,2025-03-26,2024-10-26,bnpl
ACCT00002581,5686,TX,2025-04-26,2024-08-26,credit_card
ACCT00002582,5988,NY,2025-02-26,2025-01-26,bnpl
ACCT00002583,6888,PA,2025-02-26,2024-11-26,credit_card
ACCT00002584,5163,NY,2026-01-26,2025-06-26,fintech_personal_loan
ACCT00002585,6614,NY,2025-04-26,2025-02-26,fintech_personal_loan
ACCT00002586,4154,CA,2025-08-26,2024-12-26,bnpl
ACCT00002587,4851,TX,2025-03-26,2025-01-26,fintech_personal_loan
ACCT00002588,5541,TX,2025-12-26,2024-08-26,fintech_personal_loan
ACCT00002589,3902,TX,2025-03-26,2024-12-26,credit_card
ACCT00002590,5785,NY,2025-06-26,2024-09-26,bnpl
ACCT00002591,3410,TX,2025-10-26,2025-02-26,fintech_personal_loan
ACCT00002592,4734,TX,2025-06-26,,fintech_personal_loan
ACCT00002593,465010,NY,2025-06-26,2025-02-26,fintech_personal_loan
ACCT00002594,4357,NY,2025-05-26,2025-03-26,bnpl
ACCT00002595,4982,NY,2025-09-26,2024-08-26,fintech_personal_loan
ACCT00002596,3710,NY,2025-12-26,2024-12-26,fintech_personal_loan
ACCT00002597,4748,OH,2025-02-26,2024-12-26,bnpl
ACCT00002598,6123,NY,2025-10-26,2025-01-26,credit_card
ACCT00002599,3846,NY,2025-08-26,2025-03-26,fintech_personal_loan
ACCT00002600,4697,TX,2025-07-26,2024-12-26,credit_card
ACCT00002601,5833,TX,2025-11-26,2025-04-26,fintech_personal_loan
ACCT00002602,5466,NY,2025-11-26,2025-05-26,fintech_personal_loan
ACCT00002603,4095,NY,2025-09-26,2025-07-26,fintech_personal_loan
ACCT00002604,4769,TX,2025-09-26,2024-09-26,fintech_personal_loan
ACCT00002605,5128,NY,2025-02-26,2025-01-26,fintech_personal_loan
ACCT00002606,5629,TX,2025-10-26,2024-10-26,credit_card
ACCT00002607,4024,NC,2025-08-26,2025-06-26,fintech_personal_loan
ACCT00002608,3988,OH,2026-02-26,2025-06-26,unknown
ACCT00002609,4377,NY,2025-10-26,2025-03-26,fintech_personal_loan
ACCT00002610,5225,NY,2025-04-26,2025-02-26,credit_card
ACCT00002611,5520,WA,2025-09-26,2024-10-26,fintech_personal_loan
ACCT00002612,4890,VA,2025-11-26,2025-03-26,fintech_personal_loan
ACCT00002613,3336,MI,2025-09-26,2025-06-26,bnpl
ACCT00002614,3574,TX,2025-02-26,2024-11-26,credit_card
ACCT00002615,5510,TX,2025-02-26,2024-08-26,fintech_personal_loan
ACCT00002616,6224,TX,2025-06-26,2024-11-26,bnpl
ACCT00002617,5289,TX,2025-03-26,2025-02-26,fintech_personal_loan
ACCT00002618,5504,NY,2025-07-26,2024-11-26,fintech_personal_loan
ACCT00002619,5044,GA,2025-09-26,2024-10-26,credit_card
ACCT00002620,4601,TX,2025-12-26,2025-02-26,credit_card
ACCT00002621,6426,NY,2025-12-26,2025-03-26,fintech_personal_loan
ACCT00002622,6138,TX,2025-12-26,2024-11-26,bnpl
ACCT00002623,5572,NY,2025-07-26,2025-03-26,fintech_personal_loan
ACCT00002624,3077,NY,2025-04-26,2025-03-26,fintech_personal_loan
ACCT00002625,4981,NY,2025-10-26,2024-11-26,credit_card
ACCT00002626,5392,NY,2025-11-26,2025-07-26,fintech_personal_loan
ACCT00002627,5644,NY,2025-08-26,2025-01-26,credit_card
ACCT00002628,4319,NY,2026-02-26,2024-12-26,credit_card
ACCT00002629,2956,NY,2025-02-26,2025-01-26,credit_card
ACCT00002630,3378,TX,2025-08-26,2024-08-26,fintech_personal_loan
ACCT00002631,3902,TX,2025-10-26,2025-01-26,fintech_personal_loan
ACCT00002632,4480,NY,2025-04-26,2025-03-26,fintech_personal_loan
ACCT00002633,4485,NY,2026-01-26,2025-06-26,fintech_personal_loan
ACCT00002634,512351,TX,2026-01-26,2025-04-26,fintech_personal_loan
ACCT00002635,5199,MI,2025-04-26,2025-01-26,fintech_personal_loan
ACCT00002636,4418,NY,2025-12-26,2025-02-26,credit_card
ACCT00002637,6804,NY,2025-07-26,2024-09-26,fintech_personal_loan
ACCT00002638,5551,NY,2025-05-26,2025-04-26,credit_card
ACCT00002639,6804,TX,2025-06-26,2025-02-26,credit_card
ACCT00002640,4206,TX,2026-02-26,2024-10-26,credit_card
ACCT00002641,5995,NY,2025-02-26,2024-10-26,bnpl
ACCT00002642,4172,NY,2025-06-26,2025-03-26,fintech_personal_loan
ACCT00002643,6075,TX,2025-10-26,2025-07-26,fintech_personal_loan
ACCT00002644,5818,NY,2025-03-26,2025-02-26,fintech_personal_loan
ACCT00002645,5734,FL,2025-04-26,2025-01-26,fintech_personal_loan
ACCT00002646,3431,NY,2025-02-26,2024-10-26,credit_card
ACCT00002647,4798,PA,2025-11-26,2025-04-26,fintech_personal_loan
ACCT00002648,7156,NY,2025-05-26,2024-11-26,bnpl
ACCT00002649,5144,NY,2025-10-26,2024-08-26,fintech_personal_loan
ACCT00002650,504829,TX,2025-11-26,2024-11-26,fintech_personal_loan
ACCT00002651,5998,NY,2025-11-26,2025-08-26,bnpl
ACCT00002652,6011,NY,2025-04-26,2024-11-26,bnpl
ACCT00002653,549789,NY,2025-11-26,2024-12-26,credit_card
ACCT00002654,6038,NY,2026-02-26,2024-10-26,credit_card
ACCT00002655,5007,TX,2025-03-26,2024-08-26,credit_card
ACCT00002656,5881,NY,2025-04-26,2024-12-26,credit_card
ACCT00002657,6594,NY,2025-04-26,2024-11-26,fintech_personal_loan
ACCT00002658,6726,NY,2025-05-26,2024-11-26,fintech_personal_loan
ACCT00002659,5831,TX,2025-12-26,2024-08-26,fintech_personal_loan
ACCT00002660,4399,TX,2026-02-26,2024-11-26,fintech_personal_loan
ACCT00002661,3520,PA,2025-06-26,2025-05-26,fintech_personal_loan
ACCT00002662,5729,TX,2026-02-26,2024-10-26,bnpl
ACCT00002663,4060,NY,2025-02-26,2024-09-26,fintech_personal_loan
ACCT00002664,4499,NY,2025-10-26,2024-10-26,credit_card
ACCT00002665,5404,TX,2025-11-26,2025-05-26,credit_card
ACCT00002666,5770,NY,2025-08-26,2025-06-26,fintech_personal_loan
ACCT00002667,5121,NY,2025-11-26,2025-03-26,credit_card
ACCT00002668,5121,NY,2025-03-26,2024-09-26,fintech_personal_loan
ACCT00002669,4622,TX,2025-04-26,2024-12-26,fintech_personal_loan
ACCT00002670,5441,TX,2026-02-26,2025-04-26,fintech_personal_loan
ACCT00002671,4686,NY,2026-01-26,2025-02-26,fintech_personal_loan
ACCT00002672,4236,TX,2025-04-26,2025-02-26,fintech_personal_loan
ACCT00002673,3794,TX,2025-09-26,2025-03-26,credit_card
ACCT00002674,4029,NY,2025-09-26,2025-03-26,fintech_personal_loan
ACCT00002675,5458,NY,2025-06-26,2025-04-26,fintech_personal_loan
ACCT00002676,5566,FL,2025-06-26,2025-03-26,fintech_personal_loan
ACCT00002677,4689,TX,2025-11-26,2024-08-26,fintech_personal_loan
ACCT00002678,4848,NY,2025-02-26,2024-11-26,bnpl
ACCT00002679,3641,NY,2025-12-26,2025-07-26,fintech_personal_loan
ACCT00002680,5656,TX,2025-04-26,2024-10-26,fintech_personal_loan
ACCT00002681,6274,NY,2025-03-26,2024-11-26,credit_card
ACCT00002682,4597,NY,2025-06-26,2024-12-26,fintech_personal_loan
ACCT00002683,7631,NY,2025-06-26,2025-01-26,credit_card
ACCT00002684,4400,TX,2025-02-26,2024-12-26,fintech_personal_loan
ACCT00002685,6642,TX,2026-02-26,2025-02-26,bnpl
ACCT00002686,6855,TX,2026-02-26,2025-02-26,credit_card
ACCT00002687,4937,TX,2025-07-26,2025-05-26,bnpl
ACCT00002688,3511,TX,2025-04-26,2024-11-26,fintech_personal_loan
ACCT00002689,3565,NY,2025-06-26,2024-09-26,fintech_personal_loan
ACCT00002690,3745,NY,2025-04-26,2025-02-26,fintech_personal_loan
ACCT00002691,5697,NY,2026-01-26,2024-10-26,credit_card
ACCT00002692,6390,NY,2025-07-26,2024-08-26,fintech_personal_loan
ACCT00002693,6747,NY,2025-06-26,2025-01-26,credit_card
ACCT00002694,6317,CA,2025-08-26,2025-07-26,fintech_personal_loan
ACCT00002695,5518,NY,2025-12-26,2025-06-26,unknown
ACCT00002696,3854,TX,2025-04-26,2025-02-26,fintech_personal_loan
ACCT00002697,5608,NY,2025-04-26,2025-02-26,credit_card
ACCT00002698,5446,NY,2025-03-26,2024-12-26,fintech_personal_loan
ACCT00002699,6614,NY,2025-05-26,2025-04-26,bnpl
ACCT00002700,4752,NY,2025-05-26,2025-04-26,bnpl
ACCT00002701,3524,TX,2025-12-26,2025-07-26,bnpl
ACCT00002702,4536,FL,2025-04-26,2025-02-26,fintech_personal_loan
ACCT00002703,4413,NY,2025-09-26,2024-10-26,fintech_personal_loan
ACCT00002704,4542,TX,2025-10-26,2024-08-26,fintech_personal_loan
ACCT00002705,4656,TX,2025-12-26,2024-10-26,fintech_personal_loan
ACCT00002706,4512,TX,2025-09-26,2024-09-26,credit_card
ACCT00002707,5145,FL,2025-11-26,2025-02-26,bnpl
ACCT00002708,3239,TX,2025-11-26,2025-01-26,fintech_personal_loan
ACCT00002709,4466,NY,2025-10-26,2025-07-26,fintech_personal_loan
ACCT00002710,4794,NY,2025-03-26,2025-01-26,credit_card
ACCT00002711,5690,NY,2025-10-26,2024-09-26,fintech_personal_loan
ACCT00002712,6031,NY,2026-01-26,2025-06-26,fintech_personal_loan
ACCT00002713,6586,TX,2025-12-26,2025-08-26,fintech_personal_loan
ACCT00002714,3939,NY,2025-09-26,2025-01-26,fintech_personal_loan
ACCT00002715,5025,NY,2025-09-26,2024-10-26,fintech_personal_loan
ACCT00002716,4338,TX,2025-03-26,2024-12-26,fintech_personal_loan
ACCT00002717,4025,NY,2025-07-26,2024-11-26,unknown
ACCT00002718,4334,TX,2026-02-26,2025-01-26,fintech_personal_loan
ACCT00002719,5124,TX,2026-02-26,2024-12-26,bnpl
ACCT00002720,6496,MI,2025-04-26,2024-09-26,fintech_personal_loan
ACCT00002721,5254,TX,2025-09-26,2025-05-26,fintech_personal_loan
ACCT00002722,4369,CA,2025-07-26,2024-09-26,fintech_personal_loan
ACCT00002723,6681,VA,2025-12-26,2025-02-26,credit_card
ACCT00002724,5291,TX,2025-03-26,2024-09-26,credit_card
ACCT00002725,5328,NY,2025-04-26,2025-02-26,fintech_personal_loan
ACCT00002726,4405,TX,2025-06-26,2025-04-26,bnpl
ACCT00002727,6277,TX,2025-03-26,2024-10-26,fintech_personal_loan
ACCT00002728,3949,NY,2025-12-26,2024-11-26,credit_card
ACCT00002729,4971,NY,2025-09-26,2024-08-26,credit_card
ACCT00002730,5985,TX,2025-05-26,2025-04-26,fintech_personal_loan
ACCT00002731,5218,TX,2025-02-26,2024-12-26,fintech_personal_loan
ACCT00002732,4024,TX,2025-09-26,2024-09-26,bnpl
ACCT00002733,1791,CA,2025-03-26,2025-01-26,credit_card
ACCT00002734,4474,PA,2025-09-26,2025-06-26,fintech_personal_loan
ACCT00002735,6371,TX,2025-02-26,2025-01-26,fintech_personal_loan
ACCT00002736,5536,GA,2025-02-26,2024-08-26,fintech_personal_loan
ACCT00002737,5749,TX,2025-03-26,2025-02-26,fintech_personal_loan
ACCT00002738,4679,TX,2025-11-26,2024-12-26,fintech_personal_loan
ACCT00002739,3363,NY,2026-01-26,2025-07-26,bnpl
ACCT00002740,4578,NY,2025-07-26,2025-06-26,bnpl
ACCT00002741,5612,NY,2025-07-26,2024-11-26,fintech_personal_loan
ACCT00002742,5315,NY,2025-06-26,2025-04-26,fintech_personal_loan
ACCT00002743,3656,TX,2025-05-26,2024-11-26,fintech_personal_loan
ACCT00002744,4560,NY,2025-07-26,2025-04-26,credit_card
ACCT00002745,5109,NY,2025-11-26,2024-10-26,fintech_personal_loan
ACCT00002746,4385,TX,2025-12-26,2024-09-26,fintech_personal_loan
ACCT00002747,4281,NY,2025-04-26,2025-03-26,fintech_personal_loan
ACCT00002748,5836,TX,2025-07-26,2024-09-26,credit_card
ACCT00002749,3925,NY,2025-04-26,2024-12-26,fintech_personal_loan
ACCT00002750,3991,NY,2025-09-26,2025-03-26,bnpl
ACCT00002751,5368,VA,2025-09-26,2024-10-26,fintech_personal_loan
ACCT00002752,6224,NY,2025-07-26,2024-11-26,bnpl
ACCT00002753,5006,TX,2025-02-26,2024-11-26,fintech_personal_loan
ACCT00002754,5685,NY,2025-06-26,2024-09-26,fintech_personal_loan
ACCT00002755,6241,NY,2025-02-26,2025-01-26,credit_card
ACCT00002756,5933,NY,2025-09-26,2024-12-26,credit_card
ACCT00002757,5310,NY,2025-12-26,2025-05-26,bnpl
ACCT00002758,5753,NY,2025-09-26,2025-07-26,fintech_personal_loan
ACCT00002759,4198,NY,2025-03-26,2025-02-26,credit_card
ACCT00002760,5653,NY,2025-02-26,2024-10-26,credit_card
ACCT00002761,3738,TX,2025-08-26,2024-09-26,bnpl
ACCT00002762,6218,VA,2025-07-26,,credit_card
ACCT00002763,3715,NY,2025-09-26,2025-04-26,fintech_personal_loan
ACCT00002764,6043,TX,2025-04-26,2025-02-26,bnpl
ACCT00002765,7802,NY,2025-04-26,2025-02-26,bnpl
ACCT00002766,4208,NY,2025-05-26,2024-08-26,fintech_personal_loan
ACCT00002767,7023,FL,2025-04-26,2025-01-26,credit_card
ACCT00002768,4255,NY,2025-11-26,2025-02-26,bnpl
ACCT00002769,5399,NY,2025-06-26,2025-04-26,bnpl
ACCT00002770,6545,NY,2025-12-26,2025-01-26,credit_card
ACCT00002771,4619,TX,2025-07-26,2024-12-26,fintech_personal_loan
ACCT00002772,4013,TX,2025-12-26,2025-07-26,credit_card
ACCT00002773,6004,CA,2025-03-26,2024-10-26,fintech_personal_loan
ACCT00002774,3725,TX,2025-07-26,2025-02-26,credit_card
ACCT00002775,4723,PA,2026-02-26,2024-08-26,fintech_personal_loan
ACCT00002776,4398,NY,2025-09-26,2025-03-26,credit_card
ACCT00002777,4874,TX,2025-07-26,2025-01-26,bnpl
ACCT00002778,3950,NY,2025-02-26,2024-11-26,credit_card
ACCT00002779,5719,NY,2025-04-26,2025-03-26,bnpl
ACCT00002780,5594,TX,2026-02-26,2025-07-26,fintech_personal_loan
ACCT00002781,5480,NY,2025-05-26,2025-01-26,bnpl
ACCT00002782,5584,TX,2026-01-26,,fintech_personal_loan
ACCT00002783,4853,NY,2025-02-26,2024-11-26,fintech_personal_loan
ACCT00002784,4195,WA,2025-09-26,2025-05-26,credit_card
ACCT00002785,5002,TX,2025-02-26,2025-01-26,fintech_personal_loan
ACCT00002786,5616,NY,2025-12-26,2024-09-26,bnpl
ACCT00002787,3520,NY,2025-02-26,,credit_card
ACCT00002788,4006,NY,2025-10-26,2024-09-26,bnpl
ACCT00002789,5825,TX,2025-11-26,2024-09-26,fintech_personal_loan
ACCT00002790,6265,NY,2025-09-26,2024-11-26,fintech_personal_loan
ACCT00002791,4372,TX,2025-11-26,2024-10-26,fintech_personal_loan
ACCT00002792,2784,CA,2025-07-26,2025-06-26,fintech_personal_loan
ACCT00002793,5892,TX,2025-07-26,2024-11-26,credit_card
ACCT00002794,5709,TX,2025-07-26,2025-03-26,fintech_personal_loan
ACCT00002795,4873,TX,2025-02-26,2024-11-26,fintech_personal_loan
ACCT00002796,6062,NY,2025-08-26,2025-05-26,fintech_personal_loan
ACCT00002797,5918,NY,2025-12-26,,bnpl
ACCT00002798,4531,TX,2025-08-26,2025-04-26,fintech_personal_loan
ACCT00002799,4290,NY,2025-07-26,2025-04-26,bnpl
ACCT00002800,5999,NY,2025-05-26,2025-03-26,credit_card
ACCT00002801,4513,TX,2025-11-26,2025-03-26,credit_card
ACCT00002802,4304,TX,2025-04-26,2025-02-26,credit_card
ACCT00002803,6462,NY,2025-02-26,2025-01-26,bnpl
ACCT00002804,3504,TX,2026-01-26,2025-02-26,fintech_personal_loan
ACCT00002805,6032,NY,2025-10-26,2025-03-26,fintech_personal_loan
ACCT00002806,3366,TX,2025-11-26,2024-12-26,credit_card
ACCT00002807,5948,NY,2025-04-26,2024-10-26,fintech_personal_loan
ACCT00002808,3596,TX,2025-12-26,2024-12-26,bnpl
ACCT00002809,5230,TX,2025-11-26,2024-10-26,fintech_personal_loan
ACCT00002810,5653,NY,2025-12-26,2025-03-26,fintech_personal_loan
ACCT00002811,5164,OH,2025-07-26,2024-12-26,fintech_personal_loan
ACCT00002812,5804,NY,2025-03-26,2025-02-26,fintech_personal_loan
ACCT00002813,4264,NY,2025-12-26,2024-12-26,credit_card
ACCT00002814,5171,IL,2025-07-26,2024-09-26,fintech_personal_loan
ACCT00002815,4004,TX,2025-08-26,2025-06-26,fintech_personal_loan
ACCT00002816,3180,WA,2026-02-26,2024-08-26,credit_card
ACCT00002817,3437,TX,2025-03-26,2025-02-26,fintech_personal_loan
ACCT00002818,4931,TX,2025-12-26,2024-09-26,fintech_personal_loan
ACCT00002819,5379,NY,2025-02-26,2024-12-26,bnpl
ACCT00002820,3831,TX,2026-02-26,2025-08-26,credit_card
ACCT00002821,6211,TX,2025-04-26,2025-03-26,bnpl
ACCT00002822,5579,TX,2025-09-26,2025-03-26,fintech_personal_loan
ACCT00002823,4168,PA,2025-04-26,2024-11-26,fintech_personal_loan
ACCT00002824,5236,NY,2025-02-26,2024-12-26,fintech_personal_loan
ACCT00002825,4239,GA,2025-03-26,2025-02-26,fintech_personal_loan
ACCT00002826,4697,TX,2026-01-26,2025-03-26,bnpl
ACCT00002827,4328,NY,2025-02-26,2024-11-26,credit_card
ACCT00002828,6441,NY,2025-06-26,2025-03-26,credit_card
ACCT00002829,5856,NY,2025-02-26,,credit_card
ACCT00002830,3161,TX,2025-10-26,2025-08-26,credit_card
ACCT00002831,4486,NY,2025-09-26,2025-08-26,bnpl
ACCT00002832,4341,PA,2025-09-26,2024-10-26,credit_card
ACCT00002833,5201,NY,2026-01-26,2024-08-26,fintech_personal_loan
ACCT00002834,5050,NY,2025-08-26,2024-11-26,fintech_personal_loan
ACCT00002835,4474,TX,2025-06-26,2025-02-26,credit_card
ACCT00002836,4742,TX,2025-12-26,2025-07-26,fintech_personal_loan
ACCT00002837,3756,CA,2025-09-26,2025-06-26,credit_card
ACCT00002838,7605,NY,2026-01-26,2025-05-26,fintech_personal_loan
ACCT00002839,5689,TX,2025-09-26,2024-09-26,bnpl
ACCT00002840,4169,NY,2025-02-26,2024-10-26,fintech_personal_loan
ACCT00002841,2932,NY,2026-01-26,2025-06-26,fintech_personal_loan
ACCT00002842,4738,NY,2025-04-26,2024-11-26,credit_card
ACCT00002843,4253,NY,2025-03-26,2024-09-26,fintech_personal_loan
ACCT00002844,3074,NY,2025-10-26,2025-02-26,fintech_personal_loan
ACCT00002845,2743,TX,2025-07-26,2025-05-26,credit_card
ACCT00002846,5174,TX,2026-01-26,,credit_card
ACCT00002847,4468,NY,2025-08-26,2025-06-26,bnpl
ACCT00002848,6202,TX,2025-09-26,2024-10-26,credit_card
ACCT00002849,5057,VA,2025-07-26,2025-06-26,credit_card
ACCT00002850,4375,NY,2025-04-26,2025-02-26,bnpl
ACCT00002851,5264,TX,2026-02-26,2024-11-26,fintech_personal_loan
ACCT00002852,4109,TX,2025-05-26,2025-03-26,credit_card
ACCT00002853,5244,NY,2025-06-26,2025-04-26,bnpl
ACCT00002854,4814,FL,2025-09-26,2024-08-26,fintech_personal_loan
ACCT00002855,5600,NY,2025-05-26,2025-01-26,bnpl
ACCT00002856,2989,NY,2025-04-26,2025-01-26,fintech_personal_loan
ACCT00002857,4708,MI,2025-08-26,2025-03-26,bnpl
ACCT00002858,5686,NY,2025-07-26,2024-12-26,credit_card
ACCT00002859,3536,NY,2025-02-26,2024-12-26,fintech_personal_loan
ACCT00002860,6438,NY,2025-11-26,2024-12-26,credit_card
ACCT00002861,6121,TX,2025-02-26,2024-10-26,unknown
ACCT00002862,5181,NY,2025-04-26,2024-12-26,credit_card
ACCT00002863,5347,NY,2025-12-26,2024-08-26,credit_card
ACCT00002864,3755,TX,2025-05-26,2024-10-26,bnpl
ACCT00002865,4613,NY,2025-02-26,2024-09-26,credit_card
ACCT00002866,5701,NY,2025-05-26,2024-11-26,fintech_personal_loan
ACCT00002867,6824,TX,2025-03-26,2024-09-26,fintech_personal_loan
ACCT00002868,6440,PA,2025-10-26,2024-11-26,credit_card
ACCT00002869,4785,TX,2025-08-26,2025-02-26,fintech_personal_loan
ACCT00002870,4221,TX,2025-11-26,2025-02-26,credit_card
ACCT00002871,3300,NY,2025-07-26,2024-09-26,fintech_personal_loan
ACCT00002872,5980,GA,2025-05-26,2025-01-26,fintech_personal_loan
ACCT00002873,3720,NC,2025-07-26,2024-11-26,credit_card
ACCT00002874,5560,NY,2025-05-26,2025-02-26,fintech_personal_loan
ACCT00002875,2972,NY,2025-12-26,2024-12-26,fintech_personal_loan
ACCT00002876,5179,NY,2026-02-26,2024-10-26,bnpl
ACCT00002877,6322,NY,2025-09-26,2025-06-26,bnpl
ACCT00002878,4723,NY,2025-02-26,2024-11-26,credit_card
ACCT00002879,4538,TX,2025-07-26,2024-12-26,fintech_personal_loan
ACCT00002880,4756,TX,2025-07-26,2025-05-26,fintech_personal_loan
ACCT00002881,4605,NY,2025-02-26,2025-01-26,fintech_personal_loan
ACCT00002882,4148,NY,2026-01-26,2024-11-26,credit_card
ACCT00002883,3426,TX,2025-02-26,2024-11-26,fintech_personal_loan
ACCT00002884,5216,TX,2025-09-26,2025-04-26,credit_card
ACCT00002885,5026,NY,2025-05-26,2025-03-26,fintech_personal_loan
ACCT00002886,5737,NY,2025-12-26,2025-03-26,fintech_personal_loan
ACCT00002887,5113,NY,2025-09-26,2024-12-26,credit_card
ACCT00002888,3707,TX,2026-02-26,2024-12-26,fintech_personal_loan
ACCT00002889,4978,TX,2025-02-26,2024-12-26,fintech_personal_loan
ACCT00002890,5198,NY,2025-09-26,2025-02-26,credit_card
ACCT00002891,6753,CA,2025-10-26,2025-01-26,fintech_personal_loan
ACCT00002892,5731,TX,2025-03-26,2024-12-26,fintech_personal_loan
ACCT00002893,4030,NY,2025-07-26,2024-09-26,credit_card
ACCT00002894,3949,TX,2025-06-26,2024-09-26,credit_card
ACCT00002895,4944,NY,2025-02-26,2024-12-26,credit_card
ACCT00002896,4693,TX,2026-01-26,2025-03-26,fintech_personal_loan
ACCT00002897,4958,NY,2025-02-26,2024-11-26,fintech_personal_loan
ACCT00002898,5053,TX,2026-02-26,2025-04-26,credit_card
ACCT00002899,4789,TX,2025-03-26,2024-12-26,fintech_personal_loan
ACCT00002900,420498,NY,2025-12-26,2025-05-26,fintech_personal_loan
ACCT00002901,5212,FL,2025-06-26,2024-08-26,bnpl
ACCT00002902,6281,NY,2025-08-26,2025-01-26,credit_card
ACCT00002903,3649,VA,2025-03-26,2024-08-26,fintech_personal_loan
ACCT00002904,3404,TX,2025-03-26,2024-11-26,bnpl
ACCT00002905,3967,NY,2025-11-26,2025-02-26,credit_card
ACCT00002906,5868,NY,2025-02-26,2024-10-26,fintech_personal_loan
ACCT00002907,5774,MI,2025-03-26,2024-12-26,credit_card
ACCT00002908,4091,TX,2025-03-26,2024-12-26,fintech_personal_loan
ACCT00002909,5108,NY,2026-02-26,2024-09-26,bnpl
ACCT00002910,4921,TX,2025-09-26,2025-02-26,unknown
ACCT00002911,6073,TX,2025-06-26,2025-04-26,bnpl
ACCT00002912,4493,NY,2025-03-26,2025-02-26,credit_card
ACCT00002913,2936,NY,2025-06-26,2024-09-26,bnpl
ACCT00002914,421420,FL,2025-09-26,2025-01-26,bnpl
ACCT00002915,4037,NY,2025-10-26,2025-01-26,fintech_personal_loan
ACCT00002916,4013,TX,2025-05-26,2024-10-26,fintech_personal_loan
ACCT00002917,3120,NY,2025-08-26,2025-05-26,fintech_personal_loan
ACCT00002918,4139,IL,2025-06-26,2024-09-26,fintech_personal_loan
ACCT00002919,5598,OH,2026-02-26,2025-01-26,bnpl
ACCT00002920,5804,TX,2025-08-26,2024-11-26,credit_card
ACCT00002921,4419,NY,2025-05-26,2025-04-26,credit_card
ACCT00002922,5469,NY,2025-10-26,2025-04-26,credit_card
ACCT00002923,3557,GA,2025-09-26,2025-02-26,fintech_personal_loan
ACCT00002924,5442,TX,2026-02-26,2025-07-26,fintech_personal_loan
ACCT00002925,5439,NY,2025-08-26,2025-02-26,credit_card
ACCT00002926,5797,NY,2025-06-26,2024-08-26,credit_card
ACCT00002927,4645,TX,2026-01-26,2025-08-26,fintech_personal_loan
ACCT00002928,4759,TX,2026-01-26,2025-04-26,fintech_personal_loan
ACCT00002929,4072,VA,2025-05-26,2025-03-26,fintech_personal_loan
ACCT00002930,2305,TX,2025-10-26,2024-11-26,fintech_personal_loan
ACCT00002931,461122,TX,2025-04-26,2025-02-26,credit_card
ACCT00002932,4282,NY,2025-09-26,2024-12-26,fintech_personal_loan
ACCT00002933,5896,TX,2025-09-26,2024-12-26,fintech_personal_loan
ACCT00002934,5153,NY,2025-07-26,2025-01-26,credit_card
ACCT00002935,4434,NY,2026-02-26,2024-11-26,credit_card
ACCT00002936,4722,NY,2025-04-26,2025-02-26,fintech_personal_loan
ACCT00002937,2850,TX,2025-11-26,2025-05-26,fintech_personal_loan
ACCT00002938,3846,TX,2025-07-26,2024-12-26,credit_card
ACCT00002939,4978,TX,2025-12-26,2025-01-26,fintech_personal_loan
ACCT00002940,5659,NY,2025-12-26,2025-05-26,fintech_personal_loan
ACCT00002941,4353,NY,2025-07-26,2025-06-26,bnpl
ACCT00002942,5168,TX,2025-09-26,2025-06-26,credit_card
ACCT00002943,5340,GA,2025-09-26,2025-01-26,credit_card
ACCT00002944,6436,NY,2026-01-26,2025-08-26,fintech_personal_loan
ACCT00002945,4485,TX,2025-03-26,2025-01-26,credit_card
ACCT00002946,4349,TX,2025-09-26,2025-07-26,credit_card
ACCT00002947,4887,NY,2026-02-26,2024-10-26,bnpl
ACCT00002948,5102,TX,2025-08-26,2025-02-26,credit_card
ACCT00002949,5287,TX,2025-02-26,2024-12-26,bnpl
ACCT00002950,6602,TX,2025-11-26,2024-10-26,fintech_personal_loan
ACCT00002951,6221,NY,2025-06-26,,credit_card
ACCT00002952,3333,NY,2026-01-26,2024-10-26,fintech_personal_loan
ACCT00002953,4366,TX,2025-05-26,2024-11-26,fintech_personal_loan
ACCT00002954,5282,NY,2025-11-26,2025-04-26,fintech_personal_loan
ACCT00002955,4009,TX,2025-09-26,2025-07-26,credit_card
ACCT00002956,3093,TX,2025-05-26,2024-08-26,bnpl
ACCT00002957,4787,NY,2025-10-26,2025-08-26,fintech_personal_loan
ACCT00002958,6491,TX,2025-05-26,2025-03-26,fintech_personal_loan
ACCT00002959,6061,NY,2025-07-26,2024-10-26,fintech_personal_loan
ACCT00002960,5443,NY,2025-06-26,2025-02-26,credit_card
ACCT00002961,5672,PA,2025-12-26,2025-06-26,bnpl
ACCT00002962,4179,TX,2025-08-26,2024-09-26,fintech_personal_loan
ACCT00002963,4106,NY,2025-09-26,2024-10-26,credit_card
ACCT00002964,4459,NY,2025-11-26,2025-08-26,credit_card
ACCT00002965,4993,NY,2025-11-26,2025-07-26,bnpl
ACCT00002966,4835,NY,2026-01-26,2024-09-26,bnpl
ACCT00002967,4365,TX,2025-08-26,2024-09-26,fintech_personal_loan
ACCT00002968,5782,NY,2025-04-26,2025-03-26,unknown
ACCT00002969,5625,NY,2025-07-26,2024-10-26,fintech_personal_loan
ACCT00002970,2730,NY,2025-04-26,2024-09-26,fintech_personal_loan
ACCT00002971,4605,NY,2025-04-26,2024-08-26,credit_card
ACCT00002972,5151,TX,2025-10-26,2024-11-26,fintech_personal_loan
ACCT00002973,6921,NY,2025-03-26,2024-10-26,fintech_personal_loan
ACCT00002974,4187,OH,2025-07-26,2024-11-26,bnpl
ACCT00002975,4689,NC,2025-10-26,2024-08-26,fintech_personal_loan
ACCT00002976,3861,NY,2025-08-26,2024-08-26,fintech_personal_loan
ACCT00002977,6851,NC,2025-08-26,2025-05-26,credit_card
ACCT00002978,3444,NY,2025-02-26,2024-10-26,fintech_personal_loan
ACCT00002979,4371,NY,2026-02-26,2024-12-26,credit_card
ACCT00002980,4445,IL,2025-04-26,2024-08-26,fintech_personal_loan
ACCT00002981,3881,NY,2025-04-26,2025-02-26,fintech_personal_loan
ACCT00002982,3180,NY,2025-08-26,2025-04-26,credit_card
ACCT00002983,3737,TX,2025-02-26,2025-01-26,credit_card
ACCT00002984,4789,GA,2026-02-26,2024-08-26,fintech_personal_loan
ACCT00002985,4474,WA,2025-07-26,2024-09-26,bnpl
ACCT00002986,6627,NY,2025-03-26,2024-12-26,fintech_personal_loan
ACCT00002987,4637,TX,2025-12-26,2024-09-26,bnpl
ACCT00002988,4067,NY,2025-03-26,2025-01-26,fintech_personal_loan
ACCT00002989,5061,TX,2025-08-26,2024-09-26,credit_card
ACCT00002990,5007,CA,2025-09-26,2025-05-26,fintech_personal_loan
ACCT00002991,6810,TX,2025-04-26,2024-10-26,fintech_personal_loan
ACCT00002992,6677,NY,2026-02-26,2025-04-26,fintech_personal_loan
ACCT00002993,4792,OH,2025-10-26,2024-09-26,fintech_personal_loan
ACCT00002994,4180,NY,2025-02-26,2024-12-26,bnpl
ACCT00002995,5007,NY,2025-12-26,2025-07-26,fintech_personal_loan
ACCT00002996,5559,CA,2026-02-26,2025-05-26,fintech_personal_loan
ACCT00002997,6165,TX,2025-06-26,2025-05-26,bnpl
ACCT00002998,5456,MI,2025-11-26,2025-02-26,fintech_personal_loan
ACCT00002999,3062,NY,2025-11-26,2025-06-26,fintech_personal_loan
ACCT00003000,4330,TX,2026-01-26,2025-01-26,credit_card
ACCT00003001,5443,FL,2025-08-26,2025-05-26,fintech_personal_loan
ACCT00003002,2948,TX,2025-05-26,2025-02-26,fintech_personal_loan
ACCT00003003,4439,TX,2025-12-26,2025-08-26,fintech_personal_loan
ACCT00003004,5877,PA,2025-12-26,2024-11-26,bnpl
ACCT00003005,2343,NY,2025-06-26,2024-10-26,credit_card
ACCT00003006,4021,NY,2025-03-26,2024-11-26,fintech_personal_loan
ACCT00003007,3949,NY,2025-02-26,2024-12-26,fintech_personal_loan
ACCT00003008,4486,NY,2025-08-26,2024-08-26,fintech_personal_loan
ACCT00003009,5745,FL,2025-07-26,2025-01-26,fintech_personal_loan
ACCT00003010,3587,NY,2025-03-26,2025-01-26,bnpl
ACCT00003011,5049,NY,2025-12-26,2025-02-26,credit_card
ACCT00003012,5775,TX,2025-09-26,2024-12-26,fintech_personal_loan
ACCT00003013,3592,TX,2025-06-26,2025-02-26,fintech_personal_loan
ACCT00003014,2842,NY,2025-10-26,2025-05-26,bnpl
ACCT00003015,4797,CA,2025-07-26,2025-03-26,credit_card
ACCT00003016,5774,TX,2025-10-26,2024-10-26,fintech_personal_loan
ACCT00003017,8120,NY,2025-07-26,2025-04-26,bnpl
ACCT00003018,4490,TX,2025-06-26,2025-03-26,fintech_personal_loan
ACCT00003019,5908,NY,2025-11-26,2024-09-26,bnpl
ACCT00003020,3837,TX,2025-11-26,2024-09-26,fintech_personal_loan
ACCT00003021,3221,TX,2025-08-26,2025-02-26,fintech_personal_loan
ACCT00003022,5377,TX,2025-02-26,2024-11-26,fintech_personal_loan
ACCT00003023,6431,NY,2026-02-26,2025-07-26,fintech_personal_loan
ACCT00003024,5639,NY,2025-03-26,2024-12-26,fintech_personal_loan
ACCT00003025,4926,TX,2025-05-26,2024-08-26,unknown
ACCT00003026,4478,NY,2025-02-26,2024-12-26,fintech_personal_loan
ACCT00003027,7105,NY,2025-09-26,2024-11-26,fintech_personal_loan
ACCT00003028,3549,TX,2025-08-26,2025-02-26,fintech_personal_loan
ACCT00003029,5719,NC,2025-12-26,2025-08-26,credit_card
ACCT00003030,4753,NY,2025-11-26,2024-10-26,fintech_personal_loan
ACCT00003031,3430,NY,2025-04-26,2025-03-26,credit_card
ACCT00003032,5911,TX,2025-11-26,2024-09-26,bnpl
ACCT00003033,5061,TX,2025-11-26,2024-12-26,fintech_personal_loan
ACCT00003034,7168,NY,2025-04-26,2025-03-26,bnpl
ACCT00003035,4639,FL,2025-10-26,2024-10-26,credit_card
ACCT00003036,3961,NY,2025-02-26,2024-11-26,fintech_personal_loan
ACCT00003037,4656,NY,2026-02-26,2025-07-26,fintech_personal_loan
ACCT00003038,4222,TX,2025-03-26,2025-01-26,fintech_personal_loan
ACCT00003039,3326,CA,2025-10-26,2025-01-26,credit_card
ACCT00003040,3193,NY,2025-03-26,2024-12-26,credit_card
ACCT00003041,4113,NY,2026-01-26,2025-03-26,credit_card
ACCT00003042,5276,NY,2025-07-26,2025-01-26,credit_card
ACCT00003043,4740,TX,2026-01-26,2025-06-26,bnpl
ACCT00003044,4844,NC,2025-09-26,2025-06-26,credit_card
ACCT00003045,3794,TX,2025-02-26,2024-09-26,fintech_personal_loan
ACCT00003046,3509,MI,2025-03-26,2024-10-26,credit_card
ACCT00003047,4810,NY,2025-07-26,2025-02-26,fintech_personal_loan
ACCT00003048,5074,NY,2025-05-26,2025-02-26,fintech_personal_loan
ACCT00003049,5432,NY,2025-02-26,2024-09-26,credit_card
ACCT00003050,3913,CA,2025-06-26,2025-03-26,bnpl
ACCT00003051,5527,CA,2025-05-26,2025-04-26,fintech_personal_loan
ACCT00003052,3662,NY,2025-09-26,2024-10-26,fintech_personal_loan
ACCT00003053,4914,NY,2025-06-26,2024-09-26,credit_card
ACCT00003054,3187,MI,2025-05-26,2024-10-26,fintech_personal_loan
ACCT00003055,3703,TX,2025-12-26,2024-11-26,bnpl
ACCT00003056,3783,NY,2025-09-26,2025-08-26,bnpl
ACCT00003057,7181,TX,2025-02-26,2024-11-26,credit_card
ACCT00003058,4370,PA,2025-05-26,2025-03-26,bnpl
ACCT00003059,4256,NY,2025-07-26,2024-11-26,credit_card
ACCT00003060,4951,TX,2025-08-26,2024-11-26,fintech_personal_loan
ACCT00003061,4507,TX,2025-06-26,2025-02-26,credit_card
ACCT00003062,5336,TX,2025-11-26,2025-02-26,fintech_personal_loan
ACCT00003063,5444,NY,2025-11-26,2025-08-26,credit_card
ACCT00003064,5721,MI,2026-02-26,2025-08-26,bnpl
ACCT00003065,6660,OH,2026-01-26,2024-12-26,fintech_personal_loan
ACCT00003066,4255,CA,2025-06-26,2025-05-26,bnpl
ACCT00003067,5337,TX,2025-04-26,2025-01-26,fintech_personal_loan
ACCT00003068,5461,MI,2025-07-26,2025-06-26,fintech_personal_loan
ACCT00003069,453147,TX,2025-10-26,2024-10-26,bnpl
ACCT00003070,5584,NY,2025-07-26,2024-08-26,fintech_personal_loan
ACCT00003071,4611,NY,2025-11-26,2024-10-26,bnpl
ACCT00003072,5990,TX,2025-10-26,,fintech_personal_loan
ACCT00003073,4995,NY,2026-01-26,2024-08-26,credit_card
ACCT00003074,5269,NY,2025-06-26,2024-11-26,bnpl
ACCT00003075,7518,TX,2026-01-26,2024-10-26,credit_card
ACCT00003076,6383,NY,2026-01-26,2025-04-26,fintech_personal_loan
ACCT00003077,4071,NY,2026-02-26,2024-12-26,fintech_personal_loan
ACCT00003078,4848,TX,2025-06-26,2025-05-26,fintech_personal_loan
ACCT00003079,5076,NY,2025-04-26,2025-02-26,fintech_personal_loan
ACCT00003080,5555,NY,2026-01-26,2024-11-26,fintech_personal_loan
ACCT00003081,3799,NY,2025-04-26,2025-03-26,fintech_personal_loan
ACCT00003082,4998,NY,2025-09-26,2025-04-26,credit_card
ACCT00003083,5511,PA,2025-08-26,2025-06-26,fintech_personal_loan
ACCT00003084,4478,OH,2025-11-26,2024-12-26,fintech_personal_loan
ACCT00003085,5710,NY,2025-11-26,2025-06-26,fintech_personal_loan
ACCT00003086,4520,NY,2026-01-26,2024-09-26,fintech_personal_loan
ACCT00003087,5268,NY,2025-06-26,2024-08-26,credit_card
ACCT00003088,4800,TX,2026-01-26,2024-10-26,fintech_personal_loan
ACCT00003089,5326,TX,2025-06-26,2025-04-26,credit_card
ACCT00003090,4443,VA,2026-01-26,2024-12-26,bnpl
ACCT00003091,6155,NY,2025-05-26,2024-11-26,bnpl
ACCT00003092,3407,TX,2025-08-26,2024-08-26,fintech_personal_loan
ACCT00003093,4808,NY,2025-03-26,2025-02-26,credit_card
ACCT00003094,3399,NC,2026-02-26,2024-08-26,fintech_personal_loan
ACCT00003095,5687,FL,2025-09-26,2025-03-26,fintech_personal_loan
ACCT00003096,5717,NY,2025-02-26,2024-09-26,credit_card
ACCT00003097,5289,NY,2025-04-26,2025-01-26,credit_card
ACCT00003098,4561,NY,2025-04-26,2025-01-26,credit_card
ACCT00003099,6285,TX,2026-02-26,2024-11-26,fintech_personal_loan
ACCT00003100,4975,TX,2025-09-26,2024-10-26,credit_card
ACCT00003101,4369,NY,2025-07-26,,credit_card
ACCT00003102,5714,TX,2025-09-26,2025-08-26,bnpl
ACCT00003103,4445,MI,2025-05-26,2024-12-26,credit_card
ACCT00003104,4022,NY,2025-10-26,2024-10-26,fintech_personal_loan
ACCT00003105,5276,TX,2025-09-26,2024-10-26,credit_card
ACCT00003106,5121,NY,2025-09-26,2025-08-26,credit_card
ACCT00003107,4782,TX,2025-12-26,2024-11-26,bnpl
ACCT00003108,4950,CA,2025-07-26,2025-05-26,fintech_personal_loan
ACCT00003109,4795,TX,2025-04-26,2025-02-26,fintech_personal_loan
ACCT00003110,4011,TX,2025-02-26,2024-11-26,fintech_personal_loan
ACCT00003111,3373,NY,2025-08-26,2025-04-26,fintech_personal_loan
ACCT00003112,5256,NY,2025-12-26,2025-02-26,fintech_personal_loan
ACCT00003113,5410,NY,2025-05-26,2025-03-26,fintech_personal_loan
ACCT00003114,5348,NY,2026-01-26,2025-04-26,fintech_personal_loan
ACCT00003115,3899,NY,2025-07-26,2024-09-26,bnpl
ACCT00003116,5299,NY,2025-04-26,2025-03-26,credit_card
ACCT00003117,4354,NY,2026-01-26,2025-08-26,fintech_personal_loan
ACCT00003118,6545,NY,2025-05-26,2025-04-26,credit_card
ACCT00003119,5283,NC,2025-02-26,2024-11-26,fintech_personal_loan
ACCT00003120,4885,NY,2025-09-26,2025-06-26,fintech_personal_loan
ACCT00003121,4835,GA,2026-01-26,2025-02-26,fintech_personal_loan
ACCT00003122,3219,NY,2025-03-26,2025-02-26,bnpl
ACCT00003123,5955,NY,2025-05-26,2025-02-26,credit_card
ACCT00003124,4209,TX,2025-09-26,2025-01-26,bnpl
ACCT00003125,5530,TX,2025-04-26,2025-01-26,fintech_personal_loan
ACCT00003126,1891,NY,2025-10-26,2025-04-26,credit_card
ACCT00003127,4474,NY,2026-01-26,2025-07-26,fintech_personal_loan
ACCT00003128,4836,PA,2025-08-26,2025-01-26,fintech_personal_loan
ACCT00003129,3515,TX,2025-09-26,2025-05-26,credit_card
ACCT00003130,4134,TX,2025-04-26,2025-01-26,bnpl
ACCT00003131,519374,NY,2026-02-26,,fintech_personal_loan
ACCT00003132,2318,GA,2025-06-26,2024-09-26,credit_card
ACCT00003133,3935,TX,2025-05-26,2025-02-26,bnpl
ACCT00003134,5191,NY,2025-09-26,2025-01-26,credit_card
ACCT00003135,5556,NY,2025-10-26,2024-08-26,fintech_personal_loan
ACCT00003136,3994,OH,2025-12-26,2024-08-26,credit_card
ACCT00003137,5589,TX,2025-02-26,2025-01-26,bnpl
ACCT00003138,3945,NC,2026-01-26,2024-08-26,credit_card
ACCT00003139,3436,TX,2025-07-26,2025-03-26,bnpl
ACCT00003140,5897,TX,2025-04-26,2024-09-26,bnpl
ACCT00003141,6076,NY,2026-01-26,2025-08-26,credit_card
ACCT00003142,5675,MI,2025-08-26,2024-08-26,fintech_personal_loan
ACCT00003143,3911,TX,2026-02-26,2025-01-26,bnpl
ACCT00003144,6716,TX,2025-09-26,2025-08-26,credit_card
ACCT00003145,5214,NY,2026-01-26,2025-07-26,bnpl
ACCT00003146,4164,NY,2025-10-26,2025-02-26,credit_card
ACCT00003147,4861,NY,2025-03-26,2025-01-26,fintech_personal_loan
ACCT00003148,6071,NY,2026-01-26,2025-06-26,bnpl
ACCT00003149,3926,NY,2025-05-26,2025-04-26,bnpl
ACCT00003150,4470,TX,2025-03-26,2024-11-26,credit_card
ACCT00003151,5963,NY,2025-07-26,2024-12-26,fintech_personal_loan
ACCT00003152,2656,NY,2025-05-26,2024-12-26,fintech_personal_loan
ACCT00003153,5737,NY,2025-10-26,2025-02-26,bnpl
ACCT00003154,4566,TX,2025-06-26,2025-03-26,bnpl
ACCT00003155,6233,VA,2025-10-26,2024-11-26,fintech_personal_loan
ACCT00003156,5779,TX,2025-09-26,2025-07-26,fintech_personal_loan
ACCT00003157,4827,NY,2025-07-26,2025-03-26,bnpl
ACCT00003158,3356,NY,2025-02-26,2024-11-26,fintech_personal_loan
ACCT00003159,6230,TX,2025-02-26,2024-12-26,credit_card
ACCT00003160,5543,FL,2025-06-26,2024-12-26,fintech_personal_loan
ACCT00003161,4058,NY,2025-02-26,2024-12-26,credit_card
ACCT00003162,6264,NY,2025-04-26,2024-09-26,bnpl
ACCT00003163,5922,TX,2026-01-26,2024-09-26,credit_card
ACCT00003164,6716,NY,2025-05-26,2025-01-26,fintech_personal_loan
ACCT00003165,5271,NY,2025-08-26,2025-05-26,fintech_personal_loan
ACCT00003166,6597,NY,2025-02-26,2024-12-26,bnpl
ACCT00003167,3608,TX,2025-07-26,2025-01-26,fintech_personal_loan
ACCT00003168,3886,TX,2025-09-26,2025-08-26,fintech_personal_loan
ACCT00003169,5936,NY,2026-02-26,2024-12-26,fintech_personal_loan
ACCT00003170,4525,NY,2025-04-26,2024-12-26,credit_card
ACCT00003171,537676,TX,2025-10-26,2025-08-26,bnpl
ACCT00003172,4684,NY,2025-09-26,2024-11-26,fintech_personal_loan
ACCT00003173,4235,TX,2025-04-26,2024-09-26,fintech_personal_loan
ACCT00003174,4336,TX,2025-12-26,2025-08-26,fintech_personal_loan
ACCT00003175,5595,NC,2025-10-26,2025-05-26,credit_card
ACCT00003176,7996,TX,2025-02-26,2024-12-26,credit_card
ACCT00003177,2815,NY,2025-10-26,,fintech_personal_loan
ACCT00003178,3569,NY,2025-07-26,2025-06-26,credit_card
ACCT00003179,5412,NY,2026-02-26,2025-02-26,bnpl
ACCT00003180,4175,TX,2025-10-26,2025-01-26,fintech_personal_loan
ACCT00003181,3320,NY,2025-08-26,2025-02-26,fintech_personal_loan
ACCT00003182,6213,NY,2025-10-26,2024-08-26,fintech_personal_loan
ACCT00003183,5172,NY,2025-06-26,2025-05-26,bnpl
ACCT00003184,5203,GA,2025-02-26,2024-11-26,credit_card
ACCT00003185,5136,GA,2025-11-26,2025-01-26,fintech_personal_loan
ACCT00003186,4277,NY,2025-12-26,2025-05-26,credit_card
ACCT00003187,4088,VA,2025-06-26,2025-03-26,fintech_personal_loan
ACCT00003188,3673,TX,2025-12-26,2025-02-26,credit_card
ACCT00003189,6260,VA,2025-11-26,2025-06-26,credit_card
ACCT00003190,5460,NY,2025-06-26,2024-08-26,fintech_personal_loan
ACCT00003191,5165,TX,2025-11-26,2025-03-26,fintech_personal_loan
ACCT00003192,4502,NY,2025-06-26,2024-12-26,bnpl
ACCT00003193,2378,TX,2025-08-26,2024-11-26,credit_card
ACCT00003194,2596,OH,2025-06-26,2024-12-26,fintech_personal_loan
ACCT00003195,3508,NY,2025-10-26,2025-06-26,bnpl
ACCT00003196,4675,IL,2025-09-26,2025-06-26,credit_card
ACCT00003197,3909,NY,2026-02-26,2024-10-26,fintech_personal_loan
ACCT00003198,5330,NY,2025-11-26,2025-01-26,fintech_personal_loan
ACCT00003199,562911,NY,2025-10-26,2024-12-26,bnpl
ACCT00003200,6250,TX,2025-02-26,2024-11-26,credit_card
ACCT00003201,4721,WA,2026-01-26,2024-12-26,fintech_personal_loan
ACCT00003202,6770,TX,2025-09-26,2025-07-26,fintech_personal_loan
ACCT00003203,5498,TX,2025-09-26,2024-10-26,fintech_personal_loan
ACCT00003204,5526,NY,2025-08-26,2024-08-26,credit_card
ACCT00003205,4675,TX,2025-03-26,2025-01-26,fintech_personal_loan
ACCT00003206,5173,TX,2025-11-26,2025-06-26,fintech_personal_loan
ACCT00003207,6047,NY,2025-04-26,2025-02-26,fintech_personal_loan
ACCT00003208,5285,NY,2025-03-26,2025-01-26,credit_card
ACCT00003209,6945,VA,2025-06-26,2025-04-26,unknown
ACCT00003210,6167,IL,2025-08-26,2024-10-26,bnpl
ACCT00003211,6488,TX,2025-12-26,2025-02-26,fintech_personal_loan
ACCT00003212,6089,CA,2025-10-26,2024-11-26,credit_card
ACCT00003213,4207,NY,2025-12-26,2025-07-26,fintech_personal_loan
ACCT00003214,6662,FL,2025-04-26,2024-12-26,credit_card
ACCT00003215,6441,IL,2025-08-26,2025-07-26,bnpl
ACCT00003216,3569,TX,2025-11-26,2024-09-26,bnpl
ACCT00003217,5312,NY,2025-12-26,2024-10-26,bnpl
ACCT00003218,4229,NY,2025-04-26,2025-01-26,fintech_personal_loan
ACCT00003219,5570,TX,2025-10-26,2024-12-26,credit_card
ACCT00003220,3300,NY,2026-02-26,2024-09-26,fintech_personal_loan
ACCT00003221,552654,VA,2025-07-26,2024-09-26,credit_card
ACCT00003222,4127,TX,2025-07-26,2025-03-26,fintech_personal_loan
ACCT00003223,455800,NY,2025-09-26,2024-12-26,fintech_personal_loan
ACCT00003224,6711,TX,2025-12-26,2025-03-26,bnpl
ACCT00003225,3362,VA,2026-02-26,2024-09-26,fintech_personal_loan
ACCT00003226,5545,TX,2025-11-26,2025-06-26,credit_card
ACCT00003227,5753,NY,2025-06-26,2024-08-26,fintech_personal_loan
ACCT00003228,3660,TX,2026-02-26,2024-10-26,fintech_personal_loan
ACCT00003229,5293,NY,2025-02-26,2024-09-26,bnpl
ACCT00003230,5094,NY,2025-04-26,2025-01-26,fintech_personal_loan
ACCT00003231,5850,NY,2025-07-26,2025-04-26,fintech_personal_loan
ACCT00003232,4861,TX,2025-11-26,2025-03-26,fintech_personal_loan
ACCT00003233,5800,NY,2026-02-26,2025-03-26,fintech_personal_loan
ACCT00003234,4183,NY,2026-02-26,,fintech_personal_loan
ACCT00003235,5659,GA,2025-05-26,2025-02-26,credit_card
ACCT00003236,3968,TX,2025-09-26,2025-02-26,credit_card
ACCT00003237,4230,MI,2025-10-26,2024-08-26,fintech_personal_loan
ACCT00003238,4500,NY,2025-06-26,2024-09-26,fintech_personal_loan
ACCT00003239,4841,WA,2025-08-26,2025-01-26,bnpl
ACCT00003240,4706,NY,2025-03-26,2024-11-26,credit_card
ACCT00003241,7034,NY,2025-05-26,2024-09-26,fintech_personal_loan
ACCT00003242,6558,TX,2025-03-26,2025-01-26,bnpl
ACCT00003243,6061,TX,2025-11-26,2024-10-26,credit_card
ACCT00003244,4255,NY,2025-10-26,2024-08-26,fintech_personal_loan
ACCT00003245,5889,TX,2025-11-26,2025-05-26,credit_card
ACCT00003246,5016,PA,2025-10-26,2025-07-26,unknown
ACCT00003247,4936,PA,2025-12-26,2024-11-26,credit_card
ACCT00003248,5920,TX,2025-12-26,2025-06-26,credit_card
ACCT00003249,4208,OH,2025-07-26,,fintech_personal_loan
ACCT00003250,4691,NY,2026-01-26,2025-08-26,credit_card
ACCT00003251,5130,NY,2025-12-26,2025-02-26,fintech_personal_loan
ACCT00003252,5626,NY,2025-10-26,2024-08-26,bnpl
ACCT00003253,6004,NY,2025-07-26,2025-06-26,fintech_personal_loan
ACCT00003254,5106,GA,2025-04-26,2025-01-26,fintech_personal_loan
ACCT00003255,3895,GA,2025-11-26,2025-06-26,credit_card
ACCT00003256,6226,TX,2025-05-26,2025-03-26,credit_card
ACCT00003257,6224,CA,2025-10-26,2024-11-26,fintech_personal_loan
ACCT00003258,5010,NY,2025-10-26,2025-07-26,credit_card
ACCT00003259,4449,NY,2025-07-26,2024-11-26,fintech_personal_loan
ACCT00003260,5216,NC,2026-02-26,2025-01-26,bnpl
ACCT00003261,4913,WA,2025-02-26,2024-11-26,fintech_personal_loan
ACCT00003262,5700,NY,2025-03-26,2024-12-26,credit_card
ACCT00003263,5237,TX,2025-09-26,2025-05-26,fintech_personal_loan
ACCT00003264,6256,OH,2026-01-26,2025-02-26,bnpl
ACCT00003265,3920,TX,2025-12-26,2024-09-26,fintech_personal_loan
ACCT00003266,6269,NY,2026-02-26,2024-08-26,fintech_personal_loan
ACCT00003267,3166,GA,2025-09-26,2024-12-26,fintech_personal_loan
ACCT00003268,3339,NY,2025-05-26,2025-02-26,credit_card
ACCT00003269,4893,NY,2025-04-26,2024-12-26,credit_card
ACCT00003270,6184,TX,2025-12-26,2024-11-26,fintech_personal_loan
ACCT00003271,5070,NY,2025-06-26,2025-03-26,fintech_personal_loan
ACCT00003272,4876,NY,2025-07-26,2025-06-26,bnpl
ACCT00003273,4631,TX,2025-07-26,2024-10-26,credit_card
ACCT00003274,4902,TX,2025-09-26,2025-03-26,fintech_personal_loan
ACCT00003275,5399,TX,2025-07-26,2025-04-26,fintech_personal_loan
ACCT00003276,3977,NY,2025-04-26,2025-01-26,bnpl
ACCT00003277,6061,TX,2026-02-26,2025-02-26,fintech_personal_loan
ACCT00003278,2984,TX,2025-06-26,2025-05-26,fintech_personal_loan
ACCT00003279,3029,NY,2025-02-26,2025-01-26,bnpl
ACCT00003280,4540,NY,2025-12-26,2025-05-26,fintech_personal_loan
ACCT00003281,4946,TX,2025-12-26,2024-10-26,bnpl
ACCT00003282,4317,TX,2025-04-26,2025-01-26,bnpl
ACCT00003283,6101,VA,2026-02-26,2024-11-26,credit_card
ACCT00003284,4908,NY,2025-11-26,2024-09-26,credit_card
ACCT00003285,4873,MI,2026-02-26,2024-09-26,fintech_personal_loan
ACCT00003286,4245,NY,2025-05-26,2025-02-26,fintech_personal_loan
ACCT00003287,5554,TX,2026-02-26,2025-08-26,bnpl
ACCT00003288,5533,TX,2026-02-26,2024-10-26,fintech_personal_loan
ACCT00003289,4251,TX,2025-11-26,2025-08-26,credit_card
ACCT00003290,5793,NY,2025-06-26,,fintech_personal_loan
ACCT00003291,4536,VA,2025-07-26,2025-01-26,fintech_personal_loan
ACCT00003292,5102,IL,2025-06-26,2025-02-26,bnpl
ACCT00003293,5742,TX,2026-02-26,2025-02-26,bnpl
ACCT00003294,3833,TX,2026-01-26,2024-10-26,fintech_personal_loan
ACCT00003295,5730,NY,2025-07-26,2024-10-26,credit_card
ACCT00003296,6665,NY,2025-03-26,2025-01-26,fintech_personal_loan
ACCT00003297,4545,NY,2025-02-26,2024-11-26,fintech_personal_loan
ACCT00003298,7485,NY,2025-02-26,2024-11-26,credit_card
ACCT00003299,499257,TX,2025-11-26,2024-08-26,fintech_personal_loan
ACCT00003300,6247,NY,2025-10-26,2025-01-26,credit_card
ACCT00003301,4900,NY,2025-06-26,2024-11-26,fintech_personal_loan
ACCT00003302,5209,VA,2025-11-26,2024-12-26,fintech_personal_loan
ACCT00003303,3909,TX,2025-08-26,2025-04-26,fintech_personal_loan
ACCT00003304,4560,NY,2025-05-26,2025-02-26,fintech_personal_loan
ACCT00003305,5861,TX,2025-02-26,2024-12-26,credit_card
ACCT00003306,5789,NY,2025-05-26,2024-10-26,bnpl
ACCT00003307,5756,TX,2025-09-26,2024-10-26,credit_card
ACCT00003308,5103,VA,2025-05-26,2025-03-26,credit_card
ACCT00003309,5065,NY,2025-08-26,2025-06-26,bnpl
ACCT00003310,4194,TX,2025-02-26,2024-12-26,fintech_personal_loan
ACCT00003311,4240,NY,2025-10-26,2025-04-26,bnpl
ACCT00003312,4794,NY,2025-11-26,2024-12-26,credit_card
ACCT00003313,5837,TX,2025-03-26,2024-11-26,fintech_personal_loan
ACCT00003314,2947,NY,2025-08-26,2025-07-26,bnpl
ACCT00003315,5642,FL,2026-02-26,2024-12-26,fintech_personal_loan
ACCT00003316,4592,TX,2026-01-26,2025-03-26,credit_card
ACCT00003317,4406,NY,2026-01-26,2024-09-26,credit_card
ACCT00003318,4857,NY,2025-07-26,2025-04-26,bnpl
ACCT00003319,3886,NY,2025-06-26,2025-01-26,fintech_personal_loan
ACCT00003320,6850,NY,2025-09-26,2024-11-26,credit_card
ACCT00003321,5827,NY,2025-06-26,2024-12-26,credit_card
ACCT00003322,4988,NY,2025-07-26,2024-08-26,fintech_personal_loan
ACCT00003323,4869,NY,2025-10-26,2024-09-26,bnpl
ACCT00003324,5774,MI,2025-10-26,2024-12-26,credit_card
ACCT00003325,3664,TX,2025-11-26,2025-05-26,bnpl
ACCT00003326,3871,NY,2025-08-26,2025-04-26,bnpl
ACCT00003327,4029,WA,2026-02-26,2024-09-26,fintech_personal_loan
ACCT00003328,5582,CA,2025-06-26,2025-04-26,credit_card
ACCT00003329,5918,FL,2025-08-26,2024-10-26,credit_card
ACCT00003330,4492,TX,2026-02-26,2025-02-26,fintech_personal_loan
ACCT00003331,6575,TX,2025-03-26,2025-01-26,bnpl
ACCT00003332,5975,FL,2025-06-26,2024-11-26,fintech_personal_loan
ACCT00003333,4590,NY,2026-02-26,2025-02-26,credit_card
ACCT00003334,3728,NY,2025-12-26,2025-01-26,credit_card
ACCT00003335,5695,TX,2025-07-26,2024-09-26,credit_card
ACCT00003336,4250,PA,2025-03-26,2024-09-26,credit_card
ACCT00003337,5540,NY,2025-04-26,2025-03-26,fintech_personal_loan
ACCT00003338,4292,NY,2026-01-26,2025-06-26,credit_card
ACCT00003339,6367,TX,2025-09-26,2024-12-26,fintech_personal_loan
ACCT00003340,4628,WA,2025-10-26,2025-05-26,credit_card
ACCT00003341,4425,NY,2025-11-26,2024-10-26,credit_card
ACCT00003342,4136,NY,2025-07-26,2025-04-26,credit_card
ACCT00003343,4749,NY,2025-12-26,2025-04-26,bnpl
ACCT00003344,6205,NY,2025-05-26,2024-08-26,fintech_personal_loan
ACCT00003345,4833,TX,2025-07-26,2025-06-26,fintech_personal_loan
ACCT00003346,5468,NY,2025-10-26,2024-11-26,fintech_personal_loan
ACCT00003347,5985,NY,2025-12-26,2024-08-26,fintech_personal_loan
ACCT00003348,5485,NY,2025-02-26,2024-09-26,credit_card
ACCT00003349,5374,NY,2025-11-26,2025-03-26,fintech_personal_loan
ACCT00003350,5885,NY,2025-04-26,2025-03-26,credit_card
ACCT00003351,5918,NY,2025-03-26,2025-01-26,bnpl
ACCT00003352,7412,TX,2025-05-26,2025-03-26,fintech_personal_loan
ACCT00003353,5461,NY,2025-03-26,2025-01-26,bnpl
ACCT00003354,5769,NY,2026-01-26,2025-01-26,bnpl
ACCT00003355,5591,CA,2025-05-26,2025-04-26,bnpl
ACCT00003356,4875,NY,2025-12-26,2025-03-26,fintech_personal_loan
ACCT00003357,7030,NY,2025-04-26,2025-02-26,credit_card
ACCT00003358,5917,TX,2025-11-26,2024-11-26,fintech_personal_loan
ACCT00003359,6840,TX,2025-02-26,2025-01-26,credit_card
ACCT00003360,3855,TX,2025-09-26,2024-10-26,fintech_personal_loan
ACCT00003361,4962,NY,2025-12-26,2024-11-26,credit_card
ACCT00003362,6757,TX,2025-09-26,2025-06-26,credit_card
ACCT00003363,3673,PA,2025-04-26,2024-12-26,bnpl
ACCT00003364,5459,TX,2026-02-26,2025-06-26,fintech_personal_loan
ACCT00003365,4558,TX,2025-12-26,2025-07-26,bnpl
ACCT00003366,449792,VA,2025-11-26,2025-05-26,bnpl
ACCT00003367,6033,MI,2026-01-26,2025-04-26,fintech_personal_loan
ACCT00003368,3480,TX,2025-03-26,2024-08-26,credit_card
ACCT00003369,4119,NY,2025-11-26,2024-12-26,bnpl
ACCT00003370,6259,NY,2025-08-26,2025-03-26,fintech_personal_loan
ACCT00003371,6650,TX,2025-08-26,2024-09-26,fintech_personal_loan
ACCT00003372,3691,TX,2025-10-26,2024-12-26,credit_card
ACCT00003373,5488,TX,2026-02-26,2025-01-26,bnpl
ACCT00003374,5821,NY,2025-07-26,2025-02-26,fintech_personal_loan
ACCT00003375,3517,NY,2025-03-26,2024-12-26,fintech_personal_loan
ACCT00003376,4549,TX,2025-10-26,2025-08-26,credit_card
ACCT00003377,3940,NY,2025-05-26,2025-04-26,fintech_personal_loan
ACCT00003378,5492,TX,2026-01-26,2025-02-26,fintech_personal_loan
ACCT00003379,4425,TX,2026-02-26,2025-06-26,fintech_personal_loan
ACCT00003380,3492,CA,2025-05-26,2024-08-26,credit_card
ACCT00003381,3446,TX,2025-11-26,2025-03-26,fintech_personal_loan
ACCT00003382,2459,PA,2025-02-26,2024-10-26,fintech_personal_loan
ACCT00003383,5056,TX,2025-06-26,2025-05-26,credit_card
ACCT00003384,5265,NY,2025-06-26,2025-02-26,fintech_personal_loan
ACCT00003385,4752,TX,2025-08-26,2024-08-26,credit_card
ACCT00003386,3636,TX,2025-04-26,2024-12-26,unknown
ACCT00003387,3875,IL,2025-09-26,2025-01-26,fintech_personal_loan
ACCT00003388,2892,NY,2025-04-26,2024-12-26,credit_card
ACCT00003389,538916,NY,2026-02-26,2025-04-26,fintech_personal_loan
ACCT00003390,6751,NC,2025-03-26,2025-02-26,credit_card
ACCT00003391,3437,NY,2025-04-26,,credit_card
ACCT00003392,6145,WA,2025-10-26,2024-12-26,credit_card
ACCT00003393,4874,NY,2025-07-26,2024-10-26,fintech_personal_loan
ACCT00003394,5229,NY,2025-12-26,2025-01-26,fintech_personal_loan
ACCT00003395,3695,NY,2025-12-26,2024-11-26,bnpl
ACCT00003396,4586,TX,2025-02-26,2024-11-26,fintech_personal_loan
ACCT00003397,5146,GA,2025-06-26,2024-08-26,bnpl
ACCT00003398,5576,CA,2025-04-26,2024-12-26,bnpl
ACCT00003399,4580,NY,2025-08-26,2025-05-26,fintech_personal_loan
ACCT00003400,5231,TX,2025-05-26,2024-11-26,credit_card
ACCT00003401,5835,NY,2025-08-26,2024-10-26,fintech_personal_loan
ACCT00003402,4882,GA,2025-02-26,2025-01-26,fintech_personal_loan
ACCT00003403,6717,TX,2025-02-26,2024-08-26,bnpl
ACCT00003404,5106,TX,2025-12-26,2025-01-26,bnpl
ACCT00003405,5089,NY,2025-06-26,2025-05-26,fintech_personal_loan
ACCT00003406,4264,NY,2025-09-26,2024-10-26,bnpl
ACCT00003407,2858,PA,2025-10-26,2025-06-26,fintech_personal_loan
ACCT00003408,5850,NY,2025-05-26,2025-01-26,fintech_personal_loan
ACCT00003409,5339,TX,2025-11-26,,credit_card
ACCT00003410,6528,CA,2025-05-26,2025-03-26,credit_card
ACCT00003411,4256,VA,2025-10-26,2024-09-26,bnpl
ACCT00003412,4433,NY,2025-03-26,2024-11-26,credit_card
ACCT00003413,5462,NY,2025-09-26,2024-10-26,credit_card
ACCT00003414,3945,NY,2025-11-26,2024-09-26,credit_card
ACCT00003415,5109,TX,2025-05-26,2025-02-26,fintech_personal_loan
ACCT00003416,3871,TX,2026-01-26,2025-07-26,bnpl
ACCT00003417,4538,TX,2025-08-26,2025-06-26,fintech_personal_loan
ACCT00003418,3325,TX,2025-03-26,2025-02-26,credit_card
ACCT00003419,4488,NY,2025-10-26,2024-12-26,fintech_personal_loan
ACCT00003420,3071,NY,2025-07-26,2025-05-26,fintech_personal_loan
ACCT00003421,4464,NY,2025-06-26,2025-04-26,credit_card
ACCT00003422,3173,NY,2026-02-26,2025-08-26,credit_card
ACCT00003423,4507,PA,2025-04-26,2025-01-26,fintech_personal_loan
ACCT00003424,5458,NY,2025-02-26,2025-01-26,credit_card
ACCT00003425,3563,NY,2025-04-26,2025-02-26,fintech_personal_loan
ACCT00003426,5871,NY,2026-01-26,2024-11-26,fintech_personal_loan
ACCT00003427,5023,NY,2026-01-26,2025-07-26,credit_card
ACCT00003428,1867,TX,2025-03-26,2025-01-26,credit_card
ACCT00003429,5054,TX,2026-02-26,2025-07-26,fintech_personal_loan
ACCT00003430,4808,NY,2025-09-26,2025-07-26,bnpl
ACCT00003431,4928,PA,2025-10-26,2025-02-26,bnpl
ACCT00003432,5991,TX,2025-12-26,2024-09-26,credit_card
ACCT00003433,3939,NY,2025-08-26,2025-01-26,fintech_personal_loan
ACCT00003434,5566,TX,2026-01-26,2025-02-26,credit_card
ACCT00003435,4973,TX,2025-08-26,2025-06-26,fintech_personal_loan
ACCT00003436,4985,TX,2026-02-26,2025-08-26,bnpl
ACCT00003437,2781,TX,2025-04-26,2024-08-26,credit_card
ACCT00003438,6414,TX,2025-08-26,2024-11-26,fintech_personal_loan
ACCT00003439,2892,TX,2025-02-26,2024-11-26,credit_card
ACCT00003440,4767,NY,2025-08-26,2024-10-26,credit_card
ACCT00003441,4776,NY,2026-02-26,2024-10-26,bnpl
ACCT00003442,4951,NY,2025-09-26,2025-01-26,bnpl
ACCT00003443,4569,TX,2025-09-26,2025-02-26,bnpl
ACCT00003444,5540,OH,2026-01-26,2024-08-26,bnpl
ACCT00003445,4933,TX,2025-12-26,2024-12-26,fintech_personal_loan
ACCT00003446,5579,NY,2025-10-26,2025-06-26,credit_card
ACCT00003447,4512,NY,2025-07-26,2025-02-26,bnpl
ACCT00003448,4931,VA,2026-01-26,2025-03-26,credit_card
ACCT00003449,4666,NY,2025-12-26,2025-06-26,fintech_personal_loan
ACCT00003450,6638,MI,2025-05-26,2024-11-26,fintech_personal_loan
ACCT00003451,5919,NY,2025-04-26,2024-09-26,fintech_personal_loan
ACCT00003452,6299,NY,2025-04-26,2025-01-26,credit_card
ACCT00003453,6861,TX,2025-11-26,2025-07-26,fintech_personal_loan
ACCT00003454,3439,TX,2025-02-26,2024-11-26,fintech_personal_loan
ACCT00003455,491581,TX,2025-08-26,2025-03-26,bnpl
ACCT00003456,3781,TX,2025-09-26,2024-08-26,credit_card
ACCT00003457,5966,WA,2025-02-26,2024-10-26,credit_card
ACCT00003458,3292,TX,2025-07-26,2025-01-26,fintech_personal_loan
ACCT00003459,4994,TX,2025-11-26,2024-12-26,fintech_personal_loan
ACCT00003460,5618,TX,2025-05-26,2024-12-26,bnpl
ACCT00003461,4649,NY,2026-02-26,2025-04-26,fintech_personal_loan
ACCT00003462,4357,NY,2025-06-26,2025-04-26,fintech_personal_loan
ACCT00003463,4450,NY,2025-07-26,2025-01-26,unknown
ACCT00003464,4843,OH,2025-06-26,2024-11-26,credit_card
ACCT00003465,5482,NY,2025-03-26,2024-12-26,credit_card
ACCT00003466,6165,PA,2025-10-26,2025-02-26,bnpl
ACCT00003467,5192,NY,2025-03-26,2024-09-26,bnpl
ACCT00003468,4996,TX,2025-07-26,2024-08-26,bnpl
ACCT00003469,5602,CA,2025-09-26,2025-04-26,credit_card
ACCT00003470,5706,PA,2025-04-26,2024-09-26,fintech_personal_loan
ACCT00003471,6170,NY,2025-10-26,2025-04-26,credit_card
ACCT00003472,5752,NY,2025-09-26,2025-02-26,bnpl
ACCT00003473,5058,NY,2025-09-26,2025-06-26,fintech_personal_loan
ACCT00003474,4972,NY,2026-02-26,2025-06-26,fintech_personal_loan
ACCT00003475,5172,TX,2025-09-26,2024-11-26,fintech_personal_loan
ACCT00003476,4074,NY,2025-03-26,2025-02-26,fintech_personal_loan
ACCT00003477,4264,TX,2025-03-26,,bnpl
ACCT00003478,5306,TX,2025-04-26,2025-03-26,fintech_personal_loan
ACCT00003479,5547,NY,2025-02-26,2024-09-26,bnpl
ACCT00003480,4470,NY,2025-04-26,2024-11-26,bnpl
ACCT00003481,3153,NY,2025-10-26,2025-04-26,fintech_personal_loan
ACCT00003482,4620,NY,2026-01-26,2025-03-26,bnpl
ACCT00003483,4924,TX,2025-02-26,2025-01-26,fintech_personal_loan
ACCT00003484,3565,NY,2025-12-26,2025-04-26,fintech_personal_loan
ACCT00003485,5977,NY,2025-07-26,2025-05-26,bnpl
ACCT00003486,3901,PA,2026-02-26,2025-08-26,credit_card
ACCT00003487,5431,NY,2025-08-26,2024-08-26,bnpl
ACCT00003488,4964,TX,2025-03-26,2025-02-26,bnpl
ACCT00003489,6050,GA,2025-06-26,2025-02-26,credit_card
ACCT00003490,5071,TX,2025-06-26,2024-11-26,fintech_personal_loan
ACCT00003491,5910,PA,2025-04-26,,credit_card
ACCT00003492,5634,NY,2025-12-26,2024-08-26,bnpl
ACCT00003493,4597,TX,2025-05-26,2024-11-26,bnpl
ACCT00003494,4784,IL,2026-01-26,2024-09-26,bnpl
ACCT00003495,4515,TX,2025-05-26,2025-02-26,fintech_personal_loan
ACCT00003496,4138,NY,2025-03-26,2025-02-26,credit_card
ACCT00003497,547121,NY,2025-03-26,2025-01-26,fintech_personal_loan
ACCT00003498,4952,TX,2025-12-26,2024-12-26,credit_card
ACCT00003499,6201,NY,2025-09-26,2025-03-26,fintech_personal_loan
ACCT00003500,5607,NY,2025-08-26,2024-10-26,unknown
ACCT00003501,4665,TX,2025-09-26,2024-11-26,bnpl
ACCT00003502,4701,TX,2026-02-26,2024-08-26,fintech_personal_loan
ACCT00003503,5598,NY,2025-09-26,2024-12-26,credit_card
ACCT00003504,5482,NY,2026-01-26,2025-08-26,credit_card
ACCT00003505,4505,TX,2025-11-26,2025-01-26,bnpl
ACCT00003506,3960,NY,2025-10-26,2025-04-26,fintech_personal_loan
ACCT00003507,4164,TX,2025-07-26,2025-05-26,bnpl
ACCT00003508,4505,NY,2025-09-26,2025-01-26,fintech_personal_loan
ACCT00003509,5215,TX,2026-01-26,2024-11-26,credit_card
ACCT00003510,4018,OH,2025-06-26,2024-08-26,fintech_personal_loan
ACCT00003511,5442,NY,2025-11-26,2025-03-26,fintech_personal_loan
ACCT00003512,5003,NY,2025-09-26,2025-05-26,fintech_personal_loan
ACCT00003513,6109,TX,2025-07-26,2025-05-26,bnpl
ACCT00003514,5625,NY,2025-11-26,2024-08-26,fintech_personal_loan
ACCT00003515,5676,IL,2025-06-26,2025-01-26,fintech_personal_loan
ACCT00003516,4638,NY,2025-12-26,2025-01-26,fintech_personal_loan
ACCT00003517,6666,NY,2025-05-26,2024-11-26,bnpl
ACCT00003518,4600,TX,2025-12-26,2024-08-26,credit_card
ACCT00003519,3328,TX,2025-02-26,2024-11-26,fintech_personal_loan
ACCT00003520,3753,NY,2025-09-26,2024-10-26,fintech_personal_loan
ACCT00003521,3262,TX,2026-01-26,2025-07-26,fintech_personal_loan
ACCT00003522,6210,NY,2025-03-26,2025-01-26,credit_card
ACCT00003523,4625,NY,2025-12-26,2025-01-26,fintech_personal_loan
ACCT00003524,5620,NY,2025-08-26,2025-05-26,credit_card
ACCT00003525,5262,TX,2025-09-26,,bnpl
ACCT00003526,1388,NY,2025-04-26,2024-12-26,fintech_personal_loan
ACCT00003527,5533,NY,2025-06-26,2025-05-26,credit_card
ACCT00003528,3224,TX,2026-02-26,,credit_card
ACCT00003529,5044,NY,2025-09-26,2025-03-26,fintech_personal_loan
ACCT00003530,5131,TX,2025-10-26,2025-07-26,fintech_personal_loan
ACCT00003531,3546,TX,2025-02-26,2024-08-26,fintech_personal_loan
ACCT00003532,4679,NY,2025-05-26,2024-11-26,credit_card
ACCT00003533,6262,TX,2025-08-26,2025-05-26,fintech_personal_loan
ACCT00003534,5450,VA,2026-01-26,2025-03-26,credit_card
ACCT00003535,4681,NY,2025-07-26,2025-01-26,credit_card
ACCT00003536,4122,TX,2025-12-26,2025-07-26,fintech_personal_loan
ACCT00003537,3716,NY,2025-07-26,2025-05-26,credit_card
ACCT00003538,6441,CA,2025-11-26,2025-08-26,fintech_personal_loan
ACCT00003539,5411,TX,2026-02-26,2025-08-26,credit_card
ACCT00003540,4879,WA,2025-08-26,2025-04-26,credit_card
ACCT00003541,5538,NY,2026-01-26,2024-10-26,fintech_personal_loan
ACCT00003542,5158,NY,2025-04-26,2025-02-26,fintech_personal_loan
ACCT00003543,5810,TX,2025-10-26,2024-11-26,credit_card
ACCT00003544,422159,FL,2025-04-26,2025-02-26,fintech_personal_loan
ACCT00003545,4879,NY,2025-05-26,2024-11-26,bnpl
ACCT00003546,6216,NY,2025-04-26,2025-02-26,fintech_personal_loan
ACCT00003547,3728,NY,2025-06-26,2025-05-26,credit_card
ACCT00003548,5260,TX,2025-03-26,2025-01-26,fintech_personal_loan
ACCT00003549,4900,NY,2025-05-26,2025-01-26,bnpl
ACCT00003550,4332,NY,2025-06-26,2024-09-26,credit_card
ACCT00003551,4658,NY,2025-05-26,2024-10-26,bnpl
ACCT00003552,484238,NY,2025-12-26,2025-06-26,fintech_personal_loan
ACCT00003553,3753,TX,2025-07-26,2024-08-26,credit_card
ACCT00003554,4943,NY,2025-09-26,2025-02-26,fintech_personal_loan
ACCT00003555,4499,NY,2025-12-26,2025-02-26,fintech_personal_loan
ACCT00003556,4491,TX,2025-08-26,2025-07-26,credit_card
ACCT00003557,3303,FL,2025-07-26,2025-05-26,fintech_personal_loan
ACCT00003558,4838,NY,2026-02-26,2024-11-26,credit_card
ACCT00003559,4339,NY,2025-08-26,2024-11-26,credit_card
ACCT00003560,2698,NY,2026-02-26,2025-06-26,credit_card
ACCT00003561,3510,TX,2026-02-26,2025-07-26,credit_card
ACCT00003562,7156,NY,2025-02-26,2024-10-26,fintech_personal_loan
ACCT00003563,3954,NY,2026-01-26,2024-08-26,unknown
ACCT00003564,4152,NY,2026-02-26,2024-08-26,fintech_personal_loan
ACCT00003565,4354,NY,2025-04-26,2025-03-26,fintech_personal_loan
ACCT00003566,4502,NY,2025-11-26,2025-02-26,bnpl
ACCT00003567,6858,NY,2025-08-26,2024-10-26,fintech_personal_loan
ACCT00003568,5224,NY,2025-02-26,2024-12-26,fintech_personal_loan
ACCT00003569,5144,NY,2026-02-26,2025-02-26,credit_card
ACCT00003570,7216,TX,2026-02-26,2025-04-26,bnpl
ACCT00003571,6430,NY,2025-05-26,2025-03-26,credit_card
ACCT00003572,4624,NY,2026-02-26,2025-04-26,credit_card
ACCT00003573,4146,NY,2026-02-26,2025-05-26,bnpl
ACCT00003574,5165,NY,2025-12-26,2025-07-26,bnpl
ACCT00003575,5738,NY,2025-09-26,2025-02-26,bnpl
ACCT00003576,4130,TX,2025-07-26,2025-05-26,bnpl
ACCT00003577,7189,NY,2025-11-26,2024-12-26,credit_card
ACCT00003578,6202,NY,2025-03-26,2024-11-26,credit_card
ACCT00003579,3531,TX,2025-11-26,2024-10-26,fintech_personal_loan
ACCT00003580,5606,NY,2025-09-26,2025-07-26,fintech_personal_loan
ACCT00003581,3514,TX,2025-04-26,2024-12-26,fintech_personal_loan
ACCT00003582,4808,NY,2025-11-26,2025-05-26,bnpl
ACCT00003583,5719,VA,2025-07-26,2025-03-26,credit_card
ACCT00003584,5728,NY,2026-02-26,2024-09-26,fintech_personal_loan
ACCT00003585,5046,TX,2026-01-26,2025-08-26,credit_card
ACCT00003586,6005,IL,2025-12-26,2025-06-26,credit_card
ACCT00003587,6778,TX,2025-03-26,2025-02-26,fintech_personal_loan
ACCT00003588,531090,OH,2026-01-26,2025-05-26,credit_card
ACCT00003589,4233,NY,2025-03-26,2025-02-26,bnpl
ACCT00003590,4153,NY,2026-02-26,2024-09-26,credit_card
ACCT00003591,5511,WA,2025-08-26,2024-09-26,fintech_personal_loan
ACCT00003592,5111,NY,2025-10-26,2024-12-26,unknown
ACCT00003593,5564,TX,2025-06-26,2024-09-26,fintech_personal_loan
ACCT00003594,452580,TX,2025-03-26,2024-08-26,fintech_personal_loan
ACCT00003595,6795,OH,2025-03-26,2024-11-26,fintech_personal_loan
ACCT00003596,4401,NC,2025-05-26,2024-10-26,fintech_personal_loan
ACCT00003597,4805,CA,2025-10-26,2025-06-26,credit_card
ACCT00003598,5871,NC,2026-01-26,2025-07-26,fintech_personal_loan
ACCT00003599,5326,NY,2025-03-26,2025-02-26,fintech_personal_loan
ACCT00003600,5822,TX,2026-02-26,2024-09-26,bnpl
ACCT00003601,5552,TX,2025-08-26,2024-09-26,fintech_personal_loan
ACCT00003602,3963,TX,2025-03-26,2024-11-26,fintech_personal_loan
ACCT00003603,4371,CA,2025-07-26,2025-02-26,fintech_personal_loan
ACCT00003604,5248,NY,2025-08-26,2024-10-26,fintech_personal_loan
ACCT00003605,4918,NY,2025-12-26,2025-05-26,bnpl
ACCT00003606,5522,NY,2025-04-26,2025-01-26,fintech_personal_loan
ACCT00003607,5661,NY,2026-01-26,2025-08-26,fintech_personal_loan
ACCT00003608,4174,NY,2026-02-26,2024-11-26,fintech_personal_loan
ACCT00003609,5277,MI,2025-10-26,2025-02-26,fintech_personal_loan
ACCT00003610,4674,TX,2025-07-26,2025-04-26,bnpl
ACCT00003611,5492,TX,2025-06-26,2025-03-26,fintech_personal_loan
ACCT00003612,455996,TX,2025-12-26,2025-03-26,credit_card
ACCT00003613,3913,NY,2025-06-26,2025-04-26,fintech_personal_loan
ACCT00003614,5869,TX,2025-07-26,2024-11-26,fintech_personal_loan
ACCT00003615,3230,NY,2025-12-26,,fintech_personal_loan
ACCT00003616,5141,NC,2025-02-26,2024-11-26,bnpl
ACCT00003617,4126,TX,2025-03-26,2025-02-26,bnpl
ACCT00003618,4899,TX,2025-05-26,2025-01-26,credit_card
ACCT00003619,4776,NY,2025-06-26,2025-01-26,bnpl
ACCT00003620,4586,NY,2025-12-26,2025-08-26,fintech_personal_loan
ACCT00003621,4752,TX,2025-02-26,2024-12-26,bnpl
ACCT00003622,2747,NY,2025-11-26,2025-01-26,fintech_personal_loan
ACCT00003623,5349,NY,2025-04-26,2024-08-26,fintech_personal_loan
ACCT00003624,5712,NY,2025-12-26,2024-12-26,credit_card
ACCT00003625,5648,TX,2025-04-26,2025-01-26,fintech_personal_loan
ACCT00003626,4286,TX,2025-12-26,2024-09-26,fintech_personal_loan
ACCT00003627,6872,NY,2026-01-26,2025-04-26,bnpl
ACCT00003628,4064,NY,2025-02-26,2024-11-26,unknown
ACCT00003629,4758,NY,2025-06-26,2025-03-26,fintech_personal_loan
ACCT00003630,7915,NY,2025-08-26,2025-06-26,fintech_personal_loan
ACCT00003631,5516,IL,2026-01-26,2024-12-26,credit_card
ACCT00003632,6042,NY,2025-05-26,2025-03-26,credit_card
ACCT00003633,5940,WA,2025-04-26,2024-10-26,credit_card
ACCT00003634,4784,NY,2025-02-26,2024-09-26,fintech_personal_loan
ACCT00003635,3917,NY,2025-07-26,2025-05-26,fintech_personal_loan
ACCT00003636,4700,TX,2025-07-26,2025-04-26,fintech_personal_loan
ACCT00003637,4226,TX,2025-12-26,2025-08-26,credit_card
ACCT00003638,5294,TX,2025-02-26,2025-01-26,fintech_personal_loan
ACCT00003639,5338,NY,2025-10-26,2025-06-26,credit_card
ACCT00003640,6212,NY,2025-08-26,2025-02-26,fintech_personal_loan
ACCT00003641,3327,NY,2025-07-26,2025-02-26,credit_card
ACCT00003642,5143,NY,2026-02-26,2024-10-26,credit_card
ACCT00003643,5120,NY,2025-11-26,2025-08-26,fintech_personal_loan
ACCT00003644,4097,MI,2025-11-26,2024-12-26,fintech_personal_loan
ACCT00003645,6153,TX,2025-07-26,2024-08-26,fintech_personal_loan
ACCT00003646,4555,TX,2025-04-26,2025-02-26,fintech_personal_loan
ACCT00003647,5847,TX,2025-09-26,2024-11-26,fintech_personal_loan
ACCT00003648,6385,TX,2025-11-26,2024-12-26,credit_card
ACCT00003649,4714,NY,2026-02-26,2025-01-26,fintech_personal_loan
ACCT00003650,4933,NY,2025-10-26,2025-07-26,credit_card
ACCT00003651,5793,GA,2025-09-26,2024-08-26,bnpl
ACCT00003652,6563,FL,2025-07-26,2025-04-26,fintech_personal_loan
ACCT00003653,5051,TX,2025-03-26,2025-01-26,fintech_personal_loan
ACCT00003654,4408,TX,2025-12-26,2025-01-26,credit_card
ACCT00003655,6038,TX,2026-02-26,2024-08-26,fintech_personal_loan
ACCT00003656,5927,PA,2025-03-26,2024-12-26,credit_card
ACCT00003657,3635,NY,2025-08-26,,credit_card
ACCT00003658,3874,FL,2026-01-26,2025-08-26,fintech_personal_loan
ACCT00003659,5382,NY,2025-05-26,,credit_card
ACCT00003660,5922,NY,2025-11-26,2025-02-26,fintech_personal_loan
ACCT00003661,5329,NY,2025-11-26,2025-02-26,fintech_personal_loan
ACCT00003662,5553,NY,2025-12-26,2025-06-26,fintech_personal_loan
ACCT00003663,3420,NY,2025-06-26,2025-02-26,credit_card
ACCT00003664,3712,NY,2025-07-26,2025-02-26,credit_card
ACCT00003665,4859,TX,2025-07-26,2025-06-26,fintech_personal_loan
ACCT00003666,5521,TX,2026-02-26,2025-02-26,credit_card
ACCT00003667,5656,NY,2025-10-26,,credit_card
ACCT00003668,5309,TX,2025-07-26,,fintech_personal_loan
ACCT00003669,4314,CA,2025-10-26,2024-08-26,fintech_personal_loan
ACCT00003670,4597,TX,2025-02-26,2024-11-26,credit_card
ACCT00003671,4382,NY,2025-08-26,2025-06-26,fintech_personal_loan
ACCT00003672,5943,TX,2025-11-26,2024-08-26,fintech_personal_loan
ACCT00003673,6016,NY,2025-04-26,2025-01-26,credit_card
ACCT00003674,4598,FL,2025-10-26,2025-01-26,fintech_personal_loan
ACCT00003675,7482,NY,2025-04-26,2024-10-26,fintech_personal_loan
ACCT00003676,5010,NY,2025-03-26,2024-12-26,credit_card
ACCT00003677,4848,OH,2026-02-26,2024-12-26,fintech_personal_loan
ACCT00003678,6007,TX,2025-08-26,2024-11-26,credit_card
ACCT00003679,5643,TX,2026-01-26,2024-09-26,credit_card
ACCT00003680,4419,NY,2025-02-26,2024-12-26,credit_card
ACCT00003681,4501,NY,2025-10-26,2024-09-26,credit_card
ACCT00003682,4515,TX,2026-02-26,2025-05-26,credit_card
ACCT00003683,3316,IL,2025-12-26,2024-08-26,fintech_personal_loan
ACCT00003684,430063,NY,2025-10-26,2025-02-26,fintech_personal_loan
ACCT00003685,4785,NY,2026-02-26,2024-12-26,fintech_personal_loan
ACCT00003686,4955,NY,2025-05-26,2025-01-26,credit_card
ACCT00003687,4201,TX,2025-03-26,2024-10-26,fintech_personal_loan
ACCT00003688,5213,PA,2025-09-26,2025-03-26,credit_card
ACCT00003689,4549,TX,2025-08-26,2024-11-26,credit_card
ACCT00003690,3246,NY,2025-08-26,2024-10-26,fintech_personal_loan
ACCT00003691,6203,NC,2025-10-26,2025-03-26,fintech_personal_loan
ACCT00003692,5066,NY,2025-08-26,2025-03-26,credit_card
ACCT00003693,5689,NY,2026-01-26,2024-10-26,fintech_personal_loan
ACCT00003694,4302,NY,2026-02-26,2025-08-26,credit_card
ACCT00003695,6003,TX,2025-07-26,2024-12-26,bnpl
ACCT00003696,3230,FL,2026-02-26,2025-07-26,credit_card
ACCT00003697,6565,NY,2025-10-26,2024-09-26,credit_card
ACCT00003698,2816,TX,2025-08-26,2024-09-26,credit_card
ACCT00003699,5092,WA,2025-02-26,2024-10-26,fintech_personal_loan
ACCT00003700,3000,NY,2025-04-26,2024-12-26,bnpl
ACCT00003701,5467,NY,2026-01-26,2024-08-26,fintech_personal_loan
ACCT00003702,3996,NY,2025-02-26,2024-12-26,credit_card
ACCT00003703,4846,CA,2025-05-26,2024-09-26,fintech_personal_loan
ACCT00003704,5737,TX,2025-05-26,2024-10-26,credit_card
ACCT00003705,5076,TX,2025-02-26,2024-10-26,fintech_personal_loan
ACCT00003706,4821,NY,2025-09-26,2025-05-26,bnpl
ACCT00003707,5497,NY,2025-09-26,2025-02-26,bnpl
ACCT00003708,3742,NY,2025-08-26,2025-04-26,fintech_personal_loan
ACCT00003709,3962,CA,2025-11-26,2025-06-26,bnpl
ACCT00003710,6849,PA,2025-11-26,2025-01-26,fintech_personal_loan
ACCT00003711,3498,IL,2025-06-26,2025-04-26,fintech_personal_loan
ACCT00003712,6923,NY,2025-05-26,2025-02-26,fintech_personal_loan
ACCT00003713,4675,TX,2025-10-26,2025-01-26,fintech_personal_loan
ACCT00003714,4133,NY,2026-01-26,2025-08-26,bnpl
ACCT00003715,2351,NY,2026-01-26,2024-08-26,unknown
ACCT00003716,3051,NY,2025-04-26,2025-03-26,bnpl
ACCT00003717,551025,TX,2025-06-26,2025-05-26,fintech_personal_loan
ACCT00003718,4789,NC,2026-01-26,2024-12-26,bnpl
ACCT00003719,5046,TX,2026-01-26,2025-03-26,fintech_personal_loan
ACCT00003720,4278,NY,2025-02-26,2025-01-26,credit_card
ACCT00003721,5222,TX,2025-08-26,2024-11-26,fintech_personal_loan
ACCT00003722,6370,TX,2025-10-26,2025-07-26,bnpl
ACCT00003723,7326,NY,2025-02-26,2024-12-26,fintech_personal_loan
ACCT00003724,5262,CA,2025-04-26,2024-12-26,fintech_personal_loan
ACCT00003725,4933,PA,2025-07-26,2025-02-26,credit_card
ACCT00003726,3945,NY,2025-07-26,2025-06-26,fintech_personal_loan
ACCT00003727,6426,TX,2025-08-26,2024-09-26,bnpl
ACCT00003728,4879,NY,2025-07-26,2025-06-26,credit_card
ACCT00003729,6554,NY,2025-10-26,2025-06-26,credit_card
ACCT00003730,6396,TX,2026-02-26,2025-06-26,fintech_personal_loan
ACCT00003731,6553,WA,2025-08-26,2024-09-26,fintech_personal_loan
ACCT00003732,3841,TX,2025-02-26,2024-12-26,bnpl
ACCT00003733,5406,TX,2025-07-26,2024-09-26,fintech_personal_loan
ACCT00003734,3457,NY,2026-02-26,2025-05-26,fintech_personal_loan
ACCT00003735,3513,TX,2025-03-26,2024-08-26,fintech_personal_loan
ACCT00003736,3981,TX,2026-02-26,2024-09-26,credit_card
ACCT00003737,5234,TX,2025-02-26,2024-11-26,fintech_personal_loan
ACCT00003738,5654,NY,2025-10-26,2025-07-26,fintech_personal_loan
ACCT00003739,7033,TX,2025-12-26,2025-02-26,fintech_personal_loan
ACCT00003740,5230,NY,2025-02-26,2024-09-26,bnpl
ACCT00003741,4964,NY,2025-10-26,2025-02-26,credit_card
ACCT00003742,3786,TX,2025-04-26,2025-03-26,credit_card
ACCT00003743,6529,NY,2025-07-26,2025-05-26,fintech_personal_loan
ACCT00003744,5505,NY,2025-04-26,2025-02-26,fintech_personal_loan
ACCT00003745,4208,NY,2025-11-26,2024-10-26,credit_card
ACCT00003746,3658,TX,2025-05-26,2024-12-26,credit_card
ACCT00003747,4953,TX,2026-01-26,2024-11-26,bnpl
ACCT00003748,4146,TX,2025-09-26,2024-08-26,credit_card
ACCT00003749,5750,MI,2025-04-26,2025-03-26,fintech_personal_loan
ACCT00003750,6058,NY,2025-06-26,2025-04-26,fintech_personal_loan
ACCT00003751,4878,NC,2025-09-26,2025-02-26,bnpl
ACCT00003752,5205,TX,2025-12-26,2025-06-26,fintech_personal_loan
ACCT00003753,5859,TX,2025-02-26,2024-10-26,fintech_personal_loan
ACCT00003754,3595,TX,2025-10-26,2025-08-26,fintech_personal_loan
ACCT00003755,3901,NY,2025-04-26,2025-02-26,bnpl
ACCT00003756,4399,NY,2026-02-26,2025-07-26,fintech_personal_loan
ACCT00003757,4107,TX,2025-05-26,2025-03-26,credit_card
ACCT00003758,4613,TX,2025-08-26,2025-05-26,fintech_personal_loan
ACCT00003759,5167,TX,2026-01-26,2025-08-26,credit_card
ACCT00003760,5736,TX,2025-10-26,2025-01-26,credit_card
ACCT00003761,6035,NC,2025-08-26,2024-12-26,credit_card
ACCT00003762,3917,NY,2026-02-26,2024-08-26,fintech_personal_loan
ACCT00003763,4413,NY,2025-09-26,2025-08-26,fintech_personal_loan
ACCT00003764,3534,TX,2025-12-26,2025-03-26,unknown
ACCT00003765,4423,NY,2025-04-26,2025-02-26,fintech_personal_loan
ACCT00003766,4193,NY,2025-02-26,2024-08-26,fintech_personal_loan
ACCT00003767,5148,NY,2025-02-26,2024-11-26,credit_card
ACCT00003768,5314,TX,2025-11-26,2025-03-26,bnpl
ACCT00003769,4983,TX,2025-11-26,2025-06-26,fintech_personal_loan
ACCT00003770,5606,TX,2025-03-26,2024-09-26,fintech_personal_loan
ACCT00003771,4379,TX,2025-10-26,2025-04-26,fintech_personal_loan
ACCT00003772,4087,NY,2025-02-26,2024-11-26,fintech_personal_loan
ACCT00003773,3526,NY,2025-02-26,2024-11-26,credit_card
ACCT00003774,6172,NY,2025-06-26,2025-02-26,credit_card
ACCT00003775,5451,OH,2025-03-26,2025-01-26,fintech_personal_loan
ACCT00003776,5083,TX,2025-05-26,2024-12-26,fintech_personal_loan
ACCT00003777,6293,TX,2026-02-26,2024-09-26,fintech_personal_loan
ACCT00003778,6559,NY,2025-09-26,2025-01-26,bnpl
ACCT00003779,4155,PA,2025-04-26,2025-01-26,bnpl
ACCT00003780,3859,TX,2026-01-26,2024-08-26,bnpl
ACCT00003781,3767,TX,2026-01-26,2024-10-26,credit_card
ACCT00003782,4415,NY,2025-11-26,2024-10-26,fintech_personal_loan
ACCT00003783,4051,IL,2025-04-26,2024-09-26,fintech_personal_loan
ACCT00003784,6575,CA,2025-07-26,2025-01-26,fintech_personal_loan
ACCT00003785,4364,NY,2026-02-26,2025-04-26,credit_card
ACCT00003786,3687,TX,2025-11-26,2025-01-26,fintech_personal_loan
ACCT00003787,3630,TX,2025-08-26,2025-03-26,fintech_personal_loan
ACCT00003788,5000,TX,2025-07-26,2025-06-26,bnpl
ACCT00003789,3486,NY,2025-09-26,2025-06-26,bnpl
ACCT00003790,6119,VA,2026-01-26,2024-11-26,fintech_personal_loan
ACCT00003791,5223,PA,2025-07-26,2025-06-26,fintech_personal_loan
ACCT00003792,6100,TX,2025-08-26,2025-04-26,bnpl
ACCT00003793,6103,NY,2025-10-26,2025-03-26,credit_card
ACCT00003794,4474,OH,2025-05-26,2025-04-26,fintech_personal_loan
ACCT00003795,5762,MI,2026-02-26,2025-03-26,fintech_personal_loan
ACCT00003796,5043,NY,2025-04-26,2025-03-26,bnpl
ACCT00003797,6266,TX,2025-08-26,2025-02-26,fintech_personal_loan
ACCT00003798,5368,TX,2025-02-26,2024-12-26,unknown
ACCT00003799,3494,NY,2025-02-26,2024-11-26,fintech_personal_loan
ACCT00003800,5852,NY,2026-02-26,2025-07-26,credit_card
ACCT00003801,4940,NY,2025-06-26,2025-05-26,bnpl
ACCT00003802,4303,NY,2025-11-26,2025-04-26,fintech_personal_loan
ACCT00003803,4794,TX,2025-05-26,2025-02-26,credit_card
ACCT00003804,3894,TX,2025-11-26,2025-06-26,bnpl
ACCT00003805,6496,OH,2025-11-26,2025-07-26,credit_card
ACCT00003806,4933,NY,2026-01-26,2025-04-26,fintech_personal_loan
ACCT00003807,4510,CA,2025-09-26,2025-05-26,fintech_personal_loan
ACCT00003808,4471,NY,2025-12-26,2024-11-26,fintech_personal_loan
ACCT00003809,6171,FL,2025-03-26,2024-08-26,credit_card
ACCT00003810,3030,FL,2025-02-26,2024-12-26,bnpl
ACCT00003811,5833,NY,2025-11-26,2024-09-26,fintech_personal_loan
ACCT00003812,5219,TX,2026-02-26,2024-11-26,credit_card
ACCT00003813,6788,NY,2025-03-26,2025-01-26,fintech_personal_loan
ACCT00003814,5453,TX,2026-01-26,2024-10-26,bnpl
ACCT00003815,4644,WA,2025-06-26,2024-11-26,fintech_personal_loan
ACCT00003816,4675,NY,2025-08-26,2025-07-26,bnpl
ACCT00003817,6145,NY,2025-03-26,2025-01-26,fintech_personal_loan
ACCT00003818,5742,WA,2025-06-26,2024-08-26,fintech_personal_loan
ACCT00003819,3759,TX,2025-08-26,2024-12-26,fintech_personal_loan
ACCT00003820,4135,TX,2025-08-26,2025-02-26,credit_card
ACCT00003821,3368,NY,2025-03-26,2025-01-26,fintech_personal_loan
ACCT00003822,7427,NY,2025-10-26,2025-02-26,fintech_personal_loan
ACCT00003823,3018,TX,2025-12-26,2025-05-26,fintech_personal_loan
ACCT00003824,3794,TX,2025-11-26,2025-02-26,fintech_personal_loan
ACCT00003825,6063,TX,2025-09-26,2024-12-26,credit_card
ACCT00003826,3642,NY,2025-03-26,2025-02-26,fintech_personal_loan
ACCT00003827,5385,TX,2025-11-26,2024-11-26,fintech_personal_loan
ACCT00003828,3827,TX,2025-03-26,2025-02-26,credit_card
ACCT00003829,3602,NY,2025-11-26,2025-03-26,fintech_personal_loan
ACCT00003830,6683,NY,2025-06-26,2024-09-26,fintech_personal_loan
ACCT00003831,6796,TX,2025-03-26,2025-01-26,credit_card
ACCT00003832,4728,NY,2025-02-26,2025-01-26,fintech_personal_loan
ACCT00003833,6306,MI,2025-08-26,2025-03-26,fintech_personal_loan
ACCT00003834,3503,TX,2025-06-26,2024-12-26,credit_card
ACCT00003835,4874,TX,2026-02-26,2024-09-26,fintech_personal_loan
ACCT00003836,5392,NY,2025-09-26,2024-11-26,bnpl
ACCT00003837,4380,TX,2025-07-26,2025-03-26,credit_card
ACCT00003838,5309,NY,2025-03-26,2025-02-26,bnpl
ACCT00003839,4317,TX,2025-04-26,2025-02-26,fintech_personal_loan
ACCT00003840,5304,GA,2025-03-26,2024-12-26,fintech_personal_loan
ACCT00003841,3307,NY,2026-02-26,2025-04-26,credit_card
ACCT00003842,6134,IL,2026-01-26,2024-12-26,fintech_personal_loan
ACCT00003843,3897,NY,2025-04-26,2025-02-26,credit_card
ACCT00003844,2989,NY,2025-12-26,2025-02-26,unknown
ACCT00003845,5735,NY,2025-12-26,2024-11-26,credit_card
ACCT00003846,5748,CA,2026-02-26,2024-11-26,fintech_personal_loan
ACCT00003847,4907,TX,2026-01-26,2024-09-26,fintech_personal_loan
ACCT00003848,5161,TX,2025-02-26,2024-09-26,bnpl
ACCT00003849,5478,TX,2025-08-26,2025-04-26,bnpl
ACCT00003850,5224,NY,2025-07-26,2024-11-26,fintech_personal_loan
ACCT00003851,4822,FL,2025-10-26,2025-08-26,credit_card
ACCT00003852,4174,OH,2025-11-26,2025-02-26,bnpl
ACCT00003853,4967,TX,2025-04-26,2025-02-26,credit_card
ACCT00003854,3867,TX,2025-04-26,2025-03-26,credit_card
ACCT00003855,5597,NY,2026-02-26,2024-08-26,fintech_personal_loan
ACCT00003856,3440,NY,2025-04-26,2024-09-26,fintech_personal_loan
ACCT00003857,4825,NY,2025-12-26,2025-08-26,fintech_personal_loan
ACCT00003858,4093,TX,2025-07-26,2024-10-26,unknown
ACCT00003859,555936,FL,2025-03-26,2024-12-26,fintech_personal_loan
ACCT00003860,512857,TX,2025-06-26,2024-12-26,fintech_personal_loan
ACCT00003861,511124,GA,2025-12-26,2025-07-26,fintech_personal_loan
ACCT00003862,6062,NY,2025-04-26,2025-01-26,bnpl
ACCT00003863,4491,NY,2026-02-26,2024-08-26,credit_card
ACCT00003864,4719,NY,2025-08-26,2025-03-26,fintech_personal_loan
ACCT00003865,3959,NY,2025-05-26,2025-03-26,fintech_personal_loan
ACCT00003866,5359,FL,2025-10-26,2024-08-26,credit_card
ACCT00003867,5065,NY,2026-01-26,2025-05-26,credit_card
ACCT00003868,4051,NC,2025-12-26,2025-02-26,bnpl
ACCT00003869,6158,FL,2025-05-26,2025-03-26,bnpl
ACCT00003870,4292,NY,2025-08-26,2024-11-26,bnpl
ACCT00003871,4645,NY,2025-12-26,2025-01-26,bnpl
ACCT00003872,5689,TX,2025-08-26,2025-04-26,fintech_personal_loan
ACCT00003873,4080,TX,2025-08-26,2024-08-26,credit_card
ACCT00003874,4563,NY,2025-03-26,2025-02-26,bnpl
ACCT00003875,4871,TX,2025-10-26,2024-08-26,fintech_personal_loan
ACCT00003876,461285,TX,2025-10-26,2025-03-26,bnpl
ACCT00003877,5595,NY,2025-08-26,2025-05-26,credit_card
ACCT00003878,3793,TX,2025-07-26,2025-03-26,fintech_personal_loan
ACCT00003879,4762,TX,2025-09-26,2025-04-26,fintech_personal_loan
ACCT00003880,6721,TX,2025-06-26,2024-10-26,fintech_personal_loan
ACCT00003881,4439,NY,2025-04-26,2025-02-26,fintech_personal_loan
ACCT00003882,4876,NY,2025-07-26,2025-06-26,credit_card
ACCT00003883,5397,TX,2025-09-26,2025-07-26,fintech_personal_loan
ACCT00003884,5838,NY,2026-02-26,2025-01-26,credit_card
ACCT00003885,6661,TX,2025-03-26,2024-12-26,credit_card
ACCT00003886,3647,NY,2025-02-26,2025-01-26,fintech_personal_loan
ACCT00003887,3549,NY,2025-05-26,2025-01-26,fintech_personal_loan
ACCT00003888,3748,TX,2025-10-26,2025-08-26,credit_card
ACCT00003889,3648,TX,2026-02-26,2024-08-26,credit_card
ACCT00003890,4611,NY,2025-04-26,2024-11-26,fintech_personal_loan
ACCT00003891,4287,NY,2025-03-26,2025-02-26,fintech_personal_loan
ACCT00003892,5043,TX,2025-12-26,2025-04-26,bnpl
ACCT00003893,6404,NY,2025-11-26,2025-02-26,fintech_personal_loan
ACCT00003894,4425,NY,2026-02-26,2025-01-26,fintech_personal_loan
ACCT00003895,2596,OH,2025-10-26,2025-04-26,fintech_personal_loan
ACCT00003896,5188,TX,2025-11-26,2025-08-26,bnpl
ACCT00003897,3605,NY,2025-06-26,2025-03-26,fintech_personal_loan
ACCT00003898,5404,NY,2026-01-26,2024-10-26,fintech_personal_loan
ACCT00003899,6280,TX,2026-01-26,2025-07-26,bnpl
ACCT00003900,5270,TX,2025-10-26,2025-05-26,fintech_personal_loan
ACCT00003901,6033,NY,2025-08-26,,fintech_personal_loan
ACCT00003902,4978,NY,2025-04-26,2024-12-26,fintech_personal_loan
ACCT00003903,4411,TX,2025-06-26,2025-04-26,credit_card
ACCT00003904,6560,TX,2025-05-26,2024-08-26,fintech_personal_loan
ACCT00003905,6467,PA,2025-05-26,2024-08-26,credit_card
ACCT00003906,7804,NY,2025-11-26,2024-12-26,credit_card
ACCT00003907,4739,NY,2025-10-26,2025-04-26,credit_card
ACCT00003908,6399,NY,2025-07-26,2025-05-26,fintech_personal_loan
ACCT00003909,5137,VA,2025-08-26,2024-10-26,fintech_personal_loan
ACCT00003910,5922,TX,2025-12-26,2025-06-26,fintech_personal_loan
ACCT00003911,5901,IL,2025-06-26,2024-10-26,fintech_personal_loan
ACCT00003912,5655,VA,2026-01-26,2025-02-26,credit_card
ACCT00003913,5099,TX,2025-02-26,2024-12-26,fintech_personal_loan
ACCT00003914,6848,NY,2025-05-26,2025-01-26,credit_card
ACCT00003915,5136,NY,2025-07-26,2024-11-26,fintech_personal_loan
ACCT00003916,5320,NY,2026-02-26,2024-11-26,fintech_personal_loan
ACCT00003917,5298,NY,2025-11-26,,fintech_personal_loan
ACCT00003918,5395,TX,2026-02-26,2024-09-26,fintech_personal_loan
ACCT00003919,5011,TX,2025-06-26,2025-01-26,credit_card
ACCT00003920,5624,NY,2025-09-26,2025-02-26,fintech_personal_loan
ACCT00003921,5089,NY,2025-02-26,2024-09-26,fintech_personal_loan
ACCT00003922,4063,NC,2025-11-26,2024-11-26,unknown
ACCT00003923,5848,NY,2025-07-26,2025-02-26,fintech_personal_loan
ACCT00003924,5238,NY,2025-11-26,2025-02-26,fintech_personal_loan
ACCT00003925,3928,NY,2025-12-26,2025-04-26,credit_card
ACCT00003926,4982,NY,2025-11-26,2024-08-26,credit_card
ACCT00003927,5042,TX,2025-04-26,2025-01-26,fintech_personal_loan
ACCT00003928,3117,TX,2025-11-26,2024-09-26,fintech_personal_loan
ACCT00003929,3259,NY,2025-03-26,2024-08-26,bnpl
ACCT00003930,5010,TX,2025-03-26,2024-12-26,fintech_personal_loan
ACCT00003931,5089,MI,2026-02-26,2025-08-26,credit_card
ACCT00003932,6114,OH,2025-09-26,2024-10-26,fintech_personal_loan
ACCT00003933,4931,TX,2025-02-26,2025-01-26,credit_card
ACCT00003934,4433,TX,2025-08-26,2024-09-26,bnpl
ACCT00003935,5631,TX,2025-03-26,2024-11-26,bnpl
ACCT00003936,3304,TX,2025-07-26,2025-06-26,credit_card
ACCT00003937,5699,NY,2025-05-26,2024-08-26,credit_card
ACCT00003938,6799,TX,2025-03-26,2025-01-26,credit_card
ACCT00003939,6063,TX,2026-02-26,2024-08-26,fintech_personal_loan
ACCT00003940,582175,OH,2025-05-26,2024-11-26,fintech_personal_loan
ACCT00003941,3535,TX,2025-10-26,2025-04-26,fintech_personal_loan
ACCT00003942,5541,NY,2025-02-26,2024-09-26,bnpl
ACCT00003943,4814,NY,2025-04-26,2025-01-26,fintech_personal_loan
ACCT00003944,4420,TX,2025-06-26,2025-03-26,credit_card
ACCT00003945,5008,TX,2025-10-26,2025-04-26,credit_card
ACCT00003946,4124,NY,2025-10-26,2024-08-26,fintech_personal_loan
ACCT00003947,6131,NY,2025-11-26,2025-03-26,bnpl
ACCT00003948,4813,NY,2025-03-26,2024-12-26,bnpl
ACCT00003949,3102,TX,2025-11-26,2025-04-26,bnpl
ACCT00003950,5623,CA,2025-10-26,2024-09-26,fintech_personal_loan
ACCT00003951,4968,NY,2026-02-26,2024-10-26,bnpl
ACCT00003952,4944,NY,2025-03-26,2025-02-26,credit_card
ACCT00003953,6239,GA,2025-04-26,2024-12-26,fintech_personal_loan
ACCT00003954,4940,TX,2025-07-26,2024-12-26,fintech_personal_loan
ACCT00003955,3878,TX,2026-02-26,2025-08-26,fintech_personal_loan
ACCT00003956,5355,NY,2025-05-26,2025-02-26,credit_card
ACCT00003957,5252,NY,2026-01-26,2025-07-26,credit_card
ACCT00003958,5991,TX,2026-02-26,2025-08-26,bnpl
ACCT00003959,6411,NY,2025-07-26,2024-10-26,fintech_personal_loan
ACCT00003960,3995,NY,2026-02-26,2025-01-26,fintech_personal_loan
ACCT00003961,4301,TX,2026-02-26,2025-02-26,fintech_personal_loan
ACCT00003962,3573,WA,2025-07-26,2024-10-26,fintech_personal_loan
ACCT00003963,4983,NY,2025-11-26,2024-12-26,fintech_personal_loan
ACCT00003964,5514,NY,2025-04-26,2025-03-26,fintech_personal_loan
ACCT00003965,4645,TX,2025-06-26,2025-04-26,bnpl
ACCT00003966,5553,NY,2025-09-26,2025-01-26,credit_card
ACCT00003967,5609,MI,2026-02-26,2024-12-26,credit_card
ACCT00003968,4134,NY,2025-10-26,2025-04-26,credit_card
ACCT00003969,5380,TX,2025-08-26,2025-06-26,credit_card
ACCT00003970,4493,NY,2025-11-26,2024-12-26,fintech_personal_loan
ACCT00003971,5642,PA,2025-02-26,2024-10-26,credit_card
ACCT00003972,6142,NY,2025-06-26,2025-01-26,credit_card
ACCT00003973,5692,NC,2025-12-26,2024-08-26,fintech_personal_loan
ACCT00003974,5272,TX,2025-08-26,2025-01-26,credit_card
ACCT00003975,5257,NY,2025-12-26,2025-08-26,bnpl
ACCT00003976,4513,TX,2025-11-26,2025-05-26,credit_card
ACCT00003977,4105,NY,2025-08-26,2024-09-26,credit_card
ACCT00003978,5317,TX,2025-09-26,2024-08-26,credit_card
ACCT00003979,6701,TX,2025-12-26,2025-02-26,fintech_personal_loan
ACCT00003980,4635,TX,2025-08-26,2025-02-26,fintech_personal_loan
ACCT00003981,4599,NY,2026-02-26,2025-04-26,fintech_personal_loan
ACCT00003982,5036,MI,2025-03-26,2025-02-26,fintech_personal_loan
ACCT00003983,5181,NY,2025-09-26,2024-09-26,credit_card
ACCT00003984,5060,NY,2025-05-26,2024-10-26,credit_card
ACCT00003985,4968,NY,2025-06-26,2024-08-26,fintech_personal_loan
ACCT00003986,5326,TX,2025-02-26,2025-01-26,bnpl
ACCT00003987,4971,TX,2025-07-26,2025-04-26,credit_card
ACCT00003988,5866,TX,2026-01-26,2024-10-26,fintech_personal_loan
ACCT00003989,4646,TX,2026-01-26,2024-08-26,fintech_personal_loan
ACCT00003990,5090,TX,2025-05-26,2025-03-26,credit_card
ACCT00003991,5237,NY,2025-05-26,2025-02-26,bnpl
ACCT00003992,4143,NY,2025-08-26,2025-06-26,fintech_personal_loan
ACCT00003993,5876,OH,2025-12-26,2025-07-26,bnpl
ACCT00003994,3671,NY,2025-11-26,2025-01-26,fintech_personal_loan
ACCT00003995,5064,NY,2025-06-26,2024-08-26,fintech_personal_loan
ACCT00003996,4780,TX,2025-06-26,2025-05-26,unknown
ACCT00003997,5072,NY,2025-05-26,2025-03-26,credit_card
ACCT00003998,5724,TX,2026-02-26,2025-03-26,fintech_personal_loan
ACCT00003999,4452,TX,2025-12-26,2024-08-26,bnpl
ACCT00004000,5520,NY,2025-06-26,2025-02-26,fintech_personal_loan
ACCT00004001,4818,TX,2025-06-26,2025-05-26,fintech_personal_loan
ACCT00004002,5152,NY,2025-06-26,2025-01-26,credit_card
ACCT00004003,5616,NY,2025-09-26,2025-02-26,fintech_personal_loan
ACCT00004004,6172,NY,2026-02-26,2025-06-26,fintech_personal_loan
ACCT00004005,6001,TX,2025-04-26,2025-01-26,fintech_personal_loan
ACCT00004006,3522,TX,2025-03-26,2025-02-26,credit_card
ACCT00004007,6219,TX,2026-02-26,2025-03-26,fintech_personal_loan
ACCT00004008,6361,TX,2026-02-26,2025-04-26,credit_card
ACCT00004009,3858,NY,2025-02-26,2024-09-26,credit_card
ACCT00004010,7436,TX,2026-01-26,2025-02-26,fintech_personal_loan
ACCT00004011,5076,FL,2025-05-26,2024-08-26,fintech_personal_loan
ACCT00004012,6245,TX,2026-01-26,2024-09-26,fintech_personal_loan
ACCT00004013,4387,NY,2025-04-26,2025-02-26,credit_card
ACCT00004014,3589,NY,2025-04-26,2025-02-26,credit_card
ACCT00004015,4042,NY,2025-02-26,2024-09-26,bnpl
ACCT00004016,4137,TX,2025-12-26,2025-06-26,fintech_personal_loan
ACCT00004017,4541,TX,2025-09-26,2025-03-26,bnpl
ACCT00004018,3900,TX,2026-01-26,2025-03-26,credit_card
ACCT00004019,5582,NC,2025-10-26,2025-07-26,credit_card
ACCT00004020,4581,OH,2026-01-26,2024-12-26,fintech_personal_loan
ACCT00004021,5522,NY,2025-04-26,2024-10-26,credit_card
ACCT00004022,5495,NY,2025-07-26,2025-04-26,credit_card
ACCT00004023,8223,NY,2025-05-26,2025-02-26,fintech_personal_loan
ACCT00004024,4634,NY,2025-10-26,2025-08-26,bnpl
ACCT00004025,6437,NY,2025-10-26,2025-08-26,fintech_personal_loan
ACCT00004026,5758,TX,2025-02-26,2024-11-26,fintech_personal_loan
ACCT00004027,4023,NY,2025-02-26,2025-01-26,bnpl
ACCT00004028,5797,NY,2025-09-26,2024-10-26,fintech_personal_loan
ACCT00004029,6403,NY,2026-01-26,2025-01-26,fintech_personal_loan
ACCT00004030,4168,CA,2025-08-26,2025-06-26,credit_card
ACCT00004031,4862,NY,2025-07-26,2025-03-26,bnpl
ACCT00004032,6600,TX,2025-11-26,2025-04-26,fintech_personal_loan
ACCT00004033,5858,NY,2025-12-26,2025-06-26,fintech_personal_loan
ACCT00004034,5696,TX,2025-04-26,2025-01-26,unknown
ACCT00004035,5242,GA,2025-12-26,2025-07-26,credit_card
ACCT00004036,5321,TX,2025-05-26,2025-03-26,credit_card
ACCT00004037,3905,NY,2026-01-26,2025-05-26,fintech_personal_loan
ACCT00004038,549074,NY,2025-04-26,2025-03-26,bnpl
ACCT00004039,2893,NY,2025-12-26,2024-08-26,fintech_personal_loan
ACCT00004040,3840,IL,2025-03-26,2024-08-26,fintech_personal_loan
ACCT00004041,4382,NY,2025-04-26,2025-02-26,fintech_personal_loan
ACCT00004042,491318,TX,2025-03-26,2024-10-26,credit_card
ACCT00004043,3644,NY,2025-06-26,2024-09-26,fintech_personal_loan
ACCT00004044,5285,TX,2025-02-26,2024-08-26,fintech_personal_loan
ACCT00004045,5221,TX,2025-10-26,2025-08-26,credit_card
ACCT00004046,3980,FL,2025-07-26,2025-06-26,fintech_personal_loan
ACCT00004047,4051,TX,2025-11-26,2024-10-26,credit_card
ACCT00004048,2782,TX,2025-11-26,2025-05-26,bnpl
ACCT00004049,4906,NY,2025-09-26,2025-03-26,fintech_personal_loan
ACCT00004050,6381,TX,2025-10-26,2025-08-26,fintech_personal_loan
ACCT00004051,5239,VA,2025-11-26,2025-04-26,credit_card
ACCT00004052,5744,TX,2025-10-26,2024-09-26,fintech_personal_loan
ACCT00004053,5499,TX,2025-06-26,2025-05-26,fintech_personal_loan
ACCT00004054,5244,TX,2025-05-26,2025-03-26,unknown
ACCT00004055,3833,FL,2025-08-26,2024-08-26,fintech_personal_loan
ACCT00004056,4534,NY,2025-06-26,2025-04-26,bnpl
ACCT00004057,5867,OH,2025-06-26,2024-08-26,fintech_personal_loan
ACCT00004058,4787,TX,2025-02-26,2024-11-26,bnpl
ACCT00004059,4816,NY,2025-06-26,2025-05-26,fintech_personal_loan
ACCT00004060,6381,NY,2025-09-26,2025-04-26,fintech_personal_loan
ACCT00004061,5182,TX,2025-06-26,2024-12-26,fintech_personal_loan
ACCT00004062,5236,TX,2025-04-26,2024-08-26,credit_card
ACCT00004063,5968,TX,2026-01-26,2025-07-26,bnpl
ACCT00004064,6849,NY,2025-04-26,2024-10-26,credit_card
ACCT00004065,5187,NC,2025-05-26,2025-01-26,fintech_personal_loan
ACCT00004066,5874,NY,2026-02-26,2025-06-26,credit_card
ACCT00004067,4576,NY,2025-09-26,2025-06-26,credit_card
ACCT00004068,3561,NY,2025-05-26,2025-03-26,credit_card
ACCT00004069,3705,MI,2025-12-26,2025-06-26,credit_card
ACCT00004070,454407,TX,2025-03-26,2024-11-26,fintech_personal_loan
ACCT00004071,4294,NY,2025-11-26,2024-12-26,credit_card
ACCT00004072,468801,NY,2025-06-26,2024-11-26,fintech_personal_loan
ACCT00004073,5557,TX,2025-11-26,2024-11-26,fintech_personal_loan
ACCT00004074,4831,NY,2025-10-26,2024-11-26,fintech_personal_loan
ACCT00004075,5943,TX,2025-09-26,2024-08-26,bnpl
ACCT00004076,4172,TX,2025-05-26,2024-09-26,fintech_personal_loan
ACCT00004077,5700,GA,2025-03-26,2024-12-26,fintech_personal_loan
ACCT00004078,7043,NY,2026-01-26,2024-08-26,bnpl
ACCT00004079,5673,TX,2025-11-26,2024-09-26,credit_card
ACCT00004080,5264,TX,2025-12-26,2024-08-26,credit_card
ACCT00004081,4901,NY,2025-06-26,2025-03-26,fintech_personal_loan
ACCT00004082,4117,TX,2025-04-26,2025-03-26,fintech_personal_loan
ACCT00004083,3957,NY,2025-03-26,2025-01-26,credit_card
ACCT00004084,5760,TX,2025-02-26,2024-11-26,fintech_personal_loan
ACCT00004085,4168,NY,2025-06-26,2025-02-26,credit_card
ACCT00004086,5082,FL,2026-01-26,2025-06-26,fintech_personal_loan
ACCT00004087,7598,TX,2025-08-26,2024-09-26,fintech_personal_loan
ACCT00004088,3913,TX,2025-10-26,2025-06-26,credit_card
ACCT00004089,3495,TX,2025-09-26,2025-01-26,fintech_personal_loan
ACCT00004090,549746,NY,2025-05-26,2025-02-26,fintech_personal_loan
ACCT00004091,3685,NY,2025-08-26,2025-04-26,bnpl
ACCT00004092,5413,MI,2025-07-26,2025-04-26,fintech_personal_loan
ACCT00004093,4602,NY,2026-01-26,2025-08-26,fintech_personal_loan
ACCT00004094,4788,TX,2025-09-26,2025-01-26,credit_card
ACCT00004095,6120,NY,2025-11-26,2024-11-26,credit_card
ACCT00004096,5803,NY,2025-12-26,2025-02-26,credit_card
ACCT00004097,5047,NY,2025-08-26,2025-07-26,fintech_personal_loan
ACCT00004098,4648,NY,2025-09-26,2025-06-26,fintech_personal_loan
ACCT00004099,5722,NY,2026-02-26,2024-11-26,credit_card